district_id,district_name,state_name,health_subscore,education_subscore,priority_index,priority_tier,dominant_driver,institutional_births_pct,full_immunization_pct,household_sanitation_pct,health_insurance_pct,overall_literacy,pct_schools_electricity,pct_schools_water,pct_schools_road_connected,stunted_pct,wasted_pct,underweight_pct,child_anaemia_pct,dropout_rate_pct,true_pupil_teacher_ratio_x,literacy_gender_gap,dropout_gender_gap,toilet_gender_gap,pct_sc_population,pct_st_population,primary_pupil_teacher_ratio,predicted_tier,prediction_correct,true_pupil_teacher_ratio
104,SITAMARHI,BIHAR,22.06738769,28.61896839,25.34317804,Low,Education-driven,64.4,66.6,50.7,20.7,53.53,27.7,97,80,54.2,16.2,40.8,70,0.55,64.05,19.16,-0.17,43,11.85,0.09,1857,Low,TRUE,64.05
88,MADHEPURA,BIHAR,18.55241265,26.89961176,22.7260122,Low,Education-driven,75,72,34.6,9.5,53.78,32.5,97.3,92.1,46.3,20.6,43.5,67.7,1.31,63.19,21.07,-0.35,119,17.3,0.63,1102,Low,TRUE,63.19
103,SHEOHAR,BIHAR,18.69800333,22.7953411,20.74667221,Low,Both equally,74.3,62.9,57.9,18.1,56,32.3,88.8,87.1,34.4,35.4,42.2,73.1,1.15,62.07,16.47,-0.45,-9,14.73,0.05,379,Low,TRUE,62.07
96,PURBA CHAMPARAN,BIHAR,26.24792013,28.53577371,27.39184692,Low,Both equally,61.5,68.3,48.3,19.4,58.26,22.8,87,90.6,49.1,16.8,37.9,61,0.53,60.04,20.66,-0.18,-34,12.74,0.24,2677,Low,TRUE,60.04
85,KHAGARIA,BIHAR,26.45590682,24.84747643,25.65169163,Low,Both equally,74.2,64.7,65,15.6,60.87,31.9,95.8,69.8,34.8,25.3,36.4,67.1,0.92,59.12,16.35,-0.65,2,14.83,0.04,852,Low,TRUE,59.12
97,PURNIA,BIHAR,13.1031614,27.56516916,20.33416528,Low,Education-driven,68.9,62.7,35.6,10.2,52.49,36.2,97.1,83.3,43.5,25.8,47.1,68,0.95,58.74,17.9,-0.26,-12,11.98,4.27,2029,Low,TRUE,58.74
648,LUCKNOW,UTTAR PRADESH,55.80282862,56.98835275,56.39559068,Medium,Both equally,91.3,68.9,80.4,15.8,79.33,59.9,99.4,96.1,32.1,11.5,25.5,52.9,0.39,57.74,10.39,-0.04,86,20.66,0.16,2091,Medium,TRUE,57.74
94,PASHCHIM CHAMPARAN,BIHAR,33.27787022,33.36106489,33.31946755,Low,Both equally,79.5,62.1,43.3,20,58.06,33.3,94.2,92.9,43.5,13.2,30.3,61.6,0.71,57.39,21.37,-0.2,-4,14.08,6.35,2265,Low,TRUE,57.39
79,GAYA,BIHAR,17.80366057,26.76095397,22.28230727,Low,Education-driven,76.6,85,44.4,9.7,66.35,29.9,94.1,71.9,47.4,24.3,43.5,76.7,0.85,57.29,20.12,-0.22,196,30.39,0.07,2507,Low,TRUE,57.29
73,BANKA,BIHAR,18.01164725,18.27509706,18.14337216,Low,Both equally,79.8,88.1,38.2,13.6,60.12,23.9,91.4,77.7,46.7,26.9,45.8,77.8,1.23,54.51,20.36,-0.33,41,12.18,4.44,1588,Low,TRUE,54.51
89,MADHUBANI,BIHAR,26.03993344,33.86023295,29.95008319,Low,Education-driven,73.7,74.1,38.2,19.2,60.9,31.7,95,90.6,43.3,17.1,36,71,0.56,54.35,24.23,-0.16,1,13.09,0.09,2283,Low,TRUE,54.35
100,SAMASTIPUR,BIHAR,23.96006656,35.69051581,29.82529118,Low,Education-driven,83.4,71.4,48.8,19,63.81,41.7,89.7,96,44,21.3,42.8,67.2,0.88,53.97,19.57,-0.24,52,18.85,0.04,2066,Low,TRUE,53.97
611,BALRAMPUR,UTTAR PRADESH,15.74459235,34.88630061,25.31544648,Low,Education-driven,69.7,57.4,59.7,13,51.76,15.7,98,94.2,41.2,24.9,37.2,75.4,0.22,53.37,20.74,-0.07,19,12.9,1.16,1463,Low,TRUE,53.37
84,KATIHAR,BIHAR,17.94925125,29.11813644,23.53369384,Low,Education-driven,66.9,73.7,44.6,8.4,53.56,26.1,98.6,84.6,43.9,23.5,48.1,65.6,0.82,53.22,15.62,-0.25,-26,8.57,5.86,1500,Low,TRUE,53.22
74,BEGUSARAI,BIHAR,25.24958403,39.62839712,32.43899057,Low,Education-driven,86,65.8,62.2,13.2,66.23,34,98.9,93.4,37.8,21,35.6,74.5,0.8,52.58,17.26,-0.09,4,14.55,0.05,1035,Low,TRUE,52.58
102,SHEIKHPURA,BIHAR,26.43510815,21.1869107,23.81100943,Low,Health-driven,89.2,82.8,54.2,9.7,65.96,40.3,90.2,78.3,53.6,16.3,37.6,80.1,1.63,52.31,21.21,-0.31,1,20.6,0.1,390,Low,TRUE,52.31
629,GHAZIABAD,UTTAR PRADESH,53.43178037,67.47088186,60.45133111,Medium,Education-driven,86.4,68.5,84.5,20,85,75.3,100,99.1,28.2,17.1,23.4,61.8,0.41,51.87,6.74,-0.06,17,16.52,0.09,823,Medium,TRUE,51.87
70,ARARIA,BIHAR,10.71131448,28.6744315,19.69287299,Low,Education-driven,66.2,61.6,32.2,19.5,55.1,34.6,88.8,86.2,49.9,23.9,47.8,75.8,0.67,51.77,18.97,-0.12,17,13.61,1.38,1704,Low,TRUE,51.77
81,JAMUI,BIHAR,15.82778702,29.45091514,22.63935108,Low,Education-driven,73.4,66.4,37.6,14.3,62.16,30.7,86.6,87.5,43,19.4,37.5,81.9,0.67,51.6,24.33,-0.17,13,17.19,4.48,1324,Low,TRUE,51.6
75,BHAGALPUR,BIHAR,19.32196339,36.88297282,28.10246811,Low,Education-driven,77.2,66.8,60.9,16.3,64.96,50,93.7,91.3,40,21.2,40.4,78.7,0.73,51.59,15.81,-0.25,35,10.49,2.21,1325,Low,TRUE,51.59
234,GARHWA,JHARKHAND,36.14808652,22.04658902,29.09733777,Low,Health-driven,84,77.2,54.1,55.3,62.18,6.2,99.8,72.2,47.7,18.9,40.6,62.5,1.33,51.2,24.57,-0.15,23,24.19,15.56,1053,Low,TRUE,51.2
72,AURANGABAD,BIHAR,23.7312812,29.64503605,26.68815862,Low,Education-driven,77.5,89.7,47.1,15.4,72.77,27.7,90.5,85.4,41.2,32.9,48.7,68.4,1.06,51.11,20.47,-0.14,82,24.1,0.04,1657,Low,TRUE,51.11
91,MUZAFFARPUR,BIHAR,27.49584027,38.40820854,32.9520244,Low,Education-driven,72.5,74.9,55.2,13.2,65.68,46.5,95.9,92.7,42.6,19.9,34.7,64.6,0.8,51.03,16.79,-0.19,157,15.66,0.13,2309,Low,TRUE,51.03
101,SARAN,BIHAR,15.95257903,36.18968386,26.07113145,Low,Education-driven,73,72,37.2,9.4,68.57,41.6,92.9,89.8,39.7,28.8,45,69.8,0.76,50.76,22.82,-0.24,89,12,0.93,1929,Low,TRUE,50.76
106,SUPAUL,BIHAR,22.12978369,26.01220189,24.07099279,Low,Both equally,80.4,73.6,50.7,14.2,59.65,26.9,94.4,93.8,42.3,25.8,45,63.6,1.31,50.71,25.02,-0.19,16,15.89,0.46,1370,Low,TRUE,50.71
671,SITAPUR,UTTAR PRADESH,27.12146423,41.45867998,34.2900721,Low,Education-driven,84.8,65.9,52.5,23.2,63.38,27.8,97.9,100,47.8,18.2,37.9,66.4,0.92,50.48,19.81,-0.08,30,32.26,0.04,2943,Low,TRUE,50.48
93,NAWADA,BIHAR,20.96505824,34.13754853,27.55130338,Low,Education-driven,79.9,74.5,47.9,8.1,61.63,32.9,98.9,88.6,49.4,18.2,37.3,73.3,0.86,48.24,20.31,-0.11,-3,25.47,0.09,1210,Low,TRUE,48.24
78,DARBHANGA,BIHAR,22.62895175,32.22407099,27.42651137,Low,Education-driven,69.9,66.3,48.7,25.3,58.26,38.1,96.6,82.5,45.4,19.3,39.2,68.9,0.65,48.04,21.7,-0.15,4,15.64,0.07,1785,Low,TRUE,48.04
86,KISHANGANJ,BIHAR,18.28202995,26.4004437,22.34123683,Low,Education-driven,54.6,67.3,52.4,8.1,57.04,25.3,90.2,82.8,38.8,23.9,41.1,67.5,0.59,47.87,17.58,-0.21,-4,6.69,3.8,1195,Low,TRUE,47.87
660,PRATAPGARH,UTTAR PRADESH,47.10898502,42.04104271,44.57501387,Medium,Health-driven,90.8,75,52,14.9,73.1,29.2,98.7,93.7,35.5,10,27.7,58,0.83,47.55,24.3,-0.12,40,22.1,0.02,1739,Medium,TRUE,47.55
87,LAKHISARAI,BIHAR,13.95590682,31.78036606,22.86813644,Low,Education-driven,75.8,68.9,51.6,15.1,64.95,35,83.1,86,42.7,25.6,45.1,77.2,0.57,47.51,19.09,-0.12,3,15.31,0.83,552,Low,TRUE,47.51
670,SIDDHARTHNAGAR,UTTAR PRADESH,16.43094842,32.00221852,24.21658347,Low,Education-driven,69.7,65.1,42.8,12.2,61.81,33.3,98,96.1,37.2,24.8,36.3,75.8,1.48,47.47,24.18,-0.37,28,15.97,0.47,1871,Low,TRUE,47.47
250,SAHIBGANJ,JHARKHAND,19.59234609,14.86411536,17.22823073,Low,Both equally,64.7,66,43.2,34.8,53.73,8.8,84.5,47.7,49.1,19.7,44.8,72.6,0.95,47.3,18.34,-0.01,10,6.29,26.8,932,Low,TRUE,47.3
77,BUXAR,BIHAR,22.40016639,34.38713256,28.39364947,Low,Education-driven,89.5,75,52.4,11.4,71.77,37.3,94.8,77.7,39.6,33.2,45.3,68.3,0.78,46.86,22.94,-0.26,11,14.75,1.57,784,Low,TRUE,46.86
609,BAHRAICH,UTTAR PRADESH,18.21963394,33.58291736,25.90127565,Low,Education-driven,67.7,51.8,44.2,10.1,51.1,22.5,98,90,52.1,14.4,38,71.7,0.42,46.78,19.47,-0.12,40,14.6,0.32,2462,Low,TRUE,46.78
83,KAIMUR (BHABUA),BIHAR,25.72795341,29.25679423,27.49237382,Low,Both equally,83.3,88.9,59.1,18.1,71.01,36.3,95.6,79.2,44.1,27.3,47.2,71.4,1.29,46.65,21.93,-0.43,51,22.69,3.57,777,Low,TRUE,46.65
99,SAHARSA,BIHAR,18.01164725,20.854132,19.43288963,Low,Both equally,70.4,72.2,40.5,12.8,54.57,35.3,91.7,80.1,47.8,20.5,42.7,69.3,1.31,46.51,22.49,-0.41,25,16.69,0.32,915,Low,TRUE,46.51
608,BAGHPAT,UTTAR PRADESH,60.9608985,60.39933444,60.68011647,Medium,Both equally,80.9,83.9,87,12.5,73.54,69.3,100,98.2,25.5,10.3,26,60.2,0.43,45.71,22.95,0.02,20,11.44,0,494,Medium,TRUE,45.71
90,MUNGER,BIHAR,28.55657238,32.97282307,30.76469773,Low,Both equally,93.2,73.4,62.8,15.2,73.3,25.2,99.7,76.6,35.5,26.7,39.5,74.3,1.2,45.61,14.53,-0.16,4,13.44,1.57,718,Low,TRUE,45.61
662,RAMPUR,UTTAR PRADESH,38.41514143,42.65113699,40.53313921,Medium,Both equally,81,79.4,79,13.1,55.08,40,98.9,96.3,40.4,17.6,32.1,69.6,0.59,45.6,16.91,-0.26,18,13.18,0.02,1472,Medium,TRUE,45.6
245,PALAMU,JHARKHAND,34.83777038,24.12645591,29.48211314,Low,Health-driven,74.9,80.9,46.3,55.8,65.5,6.7,92.4,39.4,43.7,18.4,37.3,68.2,0.51,45.26,22.4,-0.13,125,27.65,9.34,1799,Low,TRUE,45.26
659,PILIBHIT,UTTAR PRADESH,43.19883527,48.47476428,45.83679978,Medium,Education-driven,76.2,92.3,76.8,21.4,63.58,42.5,99.9,99.3,38.9,20.1,39.4,57.3,0.92,44.81,21.03,0.09,22,16.42,0.08,1330,Medium,TRUE,44.81
665,SANT KABIR NAGAR,UTTAR PRADESH,36.04409318,45.06378258,40.55393788,Medium,Education-driven,90.6,80.2,65.1,20.4,69.01,35.4,97.2,98.1,42.3,19,34.2,71.6,0.75,44.27,23.73,-0.13,32,21.52,0.09,819,Medium,TRUE,44.27
71,ARWAL,BIHAR,21.40183028,28.50804215,24.95493622,Low,Education-driven,79.2,84.2,43.4,15.6,69.54,31.2,94.8,76,45.6,36.8,52.9,65.8,1.05,44.18,24.42,-0.41,19,20.16,0.08,348,Low,TRUE,44.18
107,VAISHALI,BIHAR,22.35856905,46.11758181,34.23807543,Low,Education-driven,81.6,71,52.6,13.5,68.56,39.6,99.7,92.9,38.3,19.6,38.4,77.1,0.66,43.87,17.9,-0.19,18,21.12,0.07,1395,Low,TRUE,43.87
669,SHRAWASTI,UTTAR PRADESH,22.1921797,28.25845813,25.22531891,Low,Education-driven,80.4,59.6,58.1,13.5,49.13,12.7,96.1,94.2,50.9,20.3,40.8,61.2,0.91,43.21,22.48,0.05,13,16.95,0.5,924,Low,TRUE,43.21
654,MAU,UTTAR PRADESH,45.40349418,47.03272324,46.21810871,Medium,Both equally,94.7,59.1,75.1,16,75.16,46.8,99.3,86.3,25.4,21.2,30.3,62.7,0.63,43.19,19.02,-0.06,35,21.51,1.04,831,Medium,TRUE,43.19
95,PATNA,BIHAR,25.45757072,43.78813089,34.6228508,Low,Education-driven,89.1,56.6,61,10.2,72.47,50.8,96.1,91.7,34.5,27.5,39.6,65.4,0.71,43.14,16.56,-0.17,45,15.77,0.16,2234,Low,TRUE,43.14
98,ROHTAS,BIHAR,29.97088186,40.07210205,35.02149196,Low,Education-driven,89.1,86.8,69,17.2,75.59,42.3,97.4,84.5,40,31.8,48.2,70.3,0.93,42.3,20.34,-0.21,18,18.57,1.07,1429,Low,TRUE,42.3
76,BHOJPUR,BIHAR,17.24209651,37.79811425,27.52010538,Low,Education-driven,86.9,61.9,45.9,9.6,72.79,25.4,97.5,87.2,40.7,31.3,44,67.7,0.75,42.25,23.88,-0.23,102,15.59,0.51,1200,Low,TRUE,42.25
646,KUSHINAGAR,UTTAR PRADESH,37.89517471,40.2384914,39.06683306,Medium,Both equally,89.4,65.4,73.1,15.6,67.66,31.9,97.2,96.3,32.2,24.3,36.6,52.8,0.87,42.16,25.36,-0.27,36,15.27,2.25,2215,Medium,TRUE,42.16
236,GODDA,JHARKHAND,22.35856905,13.17249029,17.76552967,Low,Health-driven,70.2,63.9,54.9,45.9,57.68,8.2,84.3,61.7,39.4,24.5,40.7,75.1,1.22,42.13,24.66,-0.41,-5,8.8,21.26,935,Low,TRUE,42.13
615,BASTI,UTTAR PRADESH,36.60565724,48.11425402,42.35995563,Medium,Education-driven,93.2,73.8,64.2,15.8,69.69,52.1,100,96.9,35.9,24.2,39.2,58.4,1.17,41.7,22.3,-0.66,56,20.86,0.15,1457,Medium,TRUE,41.7
235,GIRIDIH,JHARKHAND,36.00249584,23.68275097,29.84262341,Low,Health-driven,70.7,70.6,59.2,52.4,65.12,21.1,95.5,48.9,31.9,27.8,34.3,62.8,0.97,41.66,28.75,-0.24,17,13.31,9.74,2101,Low,TRUE,41.66
617,BUDAUN,UTTAR PRADESH,22.4625624,40.62673322,31.54464781,Low,Education-driven,72.3,69.5,69.7,13.6,52.91,32.1,99.2,97.3,51.8,18.2,43,72.2,0.8,41.1,20.63,-0.19,27,16.91,0,1917,Low,TRUE,41.1
232,DHANBAD,JHARKHAND,51.03993344,36.55019412,43.79506378,Medium,Health-driven,78.8,66.1,67.6,45.7,75.71,31.1,93.8,67,27,14,25.1,66.5,0.54,40.82,20.98,-0.16,26,16.29,8.68,911,Medium,TRUE,40.82
242,LATEHAR,JHARKHAND,32.23793677,22.07432058,27.15612867,Low,Health-driven,70.3,75,51.4,52.2,61.23,6.1,93.7,34.2,40.1,19.2,39.4,68.3,0.63,40.71,21.54,-0.17,0,21.31,45.54,707,Low,TRUE,40.71
80,GOPALGANJ,BIHAR,38.85191348,32.8896284,35.87077094,Low,Health-driven,85.9,75.8,60.1,12.7,67.04,41.7,91.9,82.7,34.2,21.5,29.2,56.1,0.8,40.56,22.35,-0.2,24,12.49,2.37,1062,Medium,FALSE,40.56
635,HARDOI,UTTAR PRADESH,18.40682196,44.3150305,31.36092623,Low,Education-driven,73.9,63.3,55.7,16,68.89,22.8,99.6,92.6,44.5,22.3,33,76.1,0.23,40.54,18.03,-0.05,35,31.14,0.01,2927,Low,TRUE,40.54
614,BAREILLY,UTTAR PRADESH,35.6281198,47.3932335,41.51067665,Medium,Education-driven,75.1,70.5,79.7,18.7,60.52,33.3,98.5,99.2,45.9,15.4,35.2,67.7,0.32,40.44,19.12,-0.08,36,12.53,0.07,2261,Medium,TRUE,40.44
667,SHAHJAHANPUR,UTTAR PRADESH,27.8078203,39.93344426,33.87063228,Low,Education-driven,63.3,76.5,69.2,14.2,61.61,32,99.1,95.2,44.5,17,34.7,75.4,0.83,40.32,18.36,-0.11,20,17.72,0.02,2063,Low,TRUE,40.32
645,KHERI,UTTAR PRADESH,33.21547421,37.52079867,35.36813644,Low,Both equally,82.8,69.5,65.6,22,62.71,29.7,99,97,47.6,15.8,36.3,66.3,1.17,40.28,18.96,-0.28,30,26.4,1.33,2589,Low,TRUE,40.28
661,RAE BARELI,UTTAR PRADESH,32.19633943,46.17304493,39.18469218,Medium,Education-driven,89.5,71.4,55,16.8,69.04,41.4,98,93.8,47,13,28.8,76.4,0.45,40,21.33,-0.11,35,30.26,0.05,1454,Medium,TRUE,40
672,SONBHADRA,UTTAR PRADESH,28.49417637,38.38047698,33.43732668,Low,Education-driven,76.8,72.7,70.6,19.7,66.18,20.2,95.1,94,38.3,26.8,46.5,63,0.3,39.93,23.08,-0.09,11,22.64,20.67,1653,Low,TRUE,39.93
92,NALANDA,BIHAR,14.78785358,33.5551858,24.17151969,Low,Education-driven,80.3,75.2,52.5,12.8,66.41,41.8,94,80.3,42.6,27.8,46.7,80.3,0.76,39.24,22.35,-0.17,-171,21.12,0.05,1097,Low,TRUE,39.24
231,DEOGHAR,JHARKHAND,25.47836938,22.90626733,24.19231836,Low,Both equally,61.3,54.5,41.6,53.8,66.34,15.5,98.4,60.3,41.7,17.7,36.9,73.9,1.23,39.03,26.74,-0.31,14,12.74,12.13,1091,Low,TRUE,39.03
105,SIWAN,BIHAR,34.83777038,34.16528009,34.50152524,Low,Both equally,86.4,76.1,47.7,8.2,71.59,28.1,96,90,36.7,18.2,30.8,63.9,1.11,38.87,22.42,-0.38,8,11.61,2.61,1093,Low,TRUE,38.87
642,KANPUR NAGAR,UTTAR PRADESH,36.25207987,64.58679978,50.41943982,Medium,Education-driven,86.6,72.8,77.5,16.1,81.31,46.1,100,99.5,34.6,21.4,27.8,76.3,0.54,38.84,8.18,-0.13,43,17.83,0.08,1310,Medium,TRUE,38.84
628,GAUTAM BUDDHA NAGAR,UTTAR PRADESH,55.55324459,61.03716029,58.29520244,Medium,Education-driven,86.6,68.2,74,23.8,82.2,81.2,99.4,96.5,25.5,12,21.9,62.9,0.52,38.84,17.45,-0.09,24,13.11,0.13,612,Medium,TRUE,38.84
619,CHANDAULI,UTTAR PRADESH,40.76539101,51.38657793,46.07598447,Medium,Education-driven,86.2,70.6,66.7,28.1,73.86,42.1,99,96.6,39.5,17.4,29.9,64.6,0.73,38.27,20.51,-0.14,36,22.88,2.14,1028,Medium,TRUE,38.27
82,JEHANABAD,BIHAR,21.65141431,28.36938436,25.01039933,Low,Education-driven,89.1,70.3,45.5,13.2,68.27,37.9,99.3,84.4,41.3,36.6,51.7,61.9,2.32,37.68,23.06,-0.77,19,19.81,0.11,487,Low,TRUE,37.68
246,PASHCHIMI SINGHBHUM,JHARKHAND,22.37936772,13.44980588,17.9145868,Low,Health-driven,67.9,87,37.7,46.7,59.54,8.4,91,45.5,60.6,30.5,62.4,73.3,1.37,37.35,25.17,-0.18,87,3.79,67.32,1196,Low,TRUE,37.35
656,MIRZAPUR,UTTAR PRADESH,44.32196339,45.34109817,44.83153078,Medium,Both equally,91.1,68.3,72.3,15,70.38,31.6,98.9,96.3,43.4,12.5,27.6,59.8,0.79,37.11,22.06,-0.2,27,26.48,0.81,1663,Medium,TRUE,37.11
346,SINGRAULI,MADHYA PRADESH,36.75124792,22.7953411,29.77329451,Low,Health-driven,69.9,76.9,52.6,58.5,62.36,16.6,88.8,86.7,37.3,25.2,36,56.6,1.11,37.09,23.94,-0.28,-81,12.79,32.59,881,Low,TRUE,37.09
620,CHITRAKOOT,UTTAR PRADESH,23.27371048,38.1031614,30.68843594,Low,Education-driven,81.1,63.7,56.7,17.4,66.52,37.9,96.1,93.1,47.5,24.8,41.8,55.3,0.9,36.97,23.39,-0.2,13,26.89,0.04,818,Low,TRUE,36.97
630,GHAZIPUR,UTTAR PRADESH,22.35856905,48.8630061,35.61078758,Low,Education-driven,88.3,60.8,64.1,10.6,74.27,39.7,99.2,96,39.3,25.7,38.3,71.6,0.9,36.94,23.48,-0.31,59,20.07,0.79,2515,Low,TRUE,36.94
637,JAUNPUR,UTTAR PRADESH,39.60066556,53.79922352,46.69994454,Medium,Education-driven,88.8,75.1,62.6,12,73.66,34.6,99,97.9,40.5,14.8,30.3,65.3,0.36,36.81,24.36,-0.06,61,22.04,0.11,2580,Medium,TRUE,36.81
25,LONGDING,ARUNACHAL PRADESH,54.97088186,14.14309484,34.55698835,Low,Health-driven,64.5,52.7,83.5,23.8,,24,74,86,15.8,20.6,13.8,38.4,1.88,36.54,,-0.45,4,,,54,Medium,FALSE,36.54
603,ALLAHABAD,UTTAR PRADESH,38.12396007,50.16638935,44.14517471,Medium,Education-driven,83.2,55.8,59.5,20.6,74.41,38.3,99.1,96.9,37.9,15.1,32.6,50.5,0.86,36.48,22.33,-0.3,67,22,0.13,2177,Medium,TRUE,36.48
243,LOHARDAGA,JHARKHAND,37.85357737,16.47254576,27.16306156,Low,Health-driven,84.1,88.2,67.7,58.9,68.29,10.7,92.1,44.7,40.7,26.6,43.4,68.7,1.52,36.33,20.76,-0.25,9,3.32,56.9,348,Low,TRUE,36.33
650,MAHOBA,UTTAR PRADESH,33.02828619,43.48308375,38.25568497,Medium,Education-driven,96.3,70.7,69,16.2,66.94,61.7,100,98.9,42.3,25,33.4,70.1,2.53,36.24,23.07,-0.28,-1,25.22,0.07,555,Medium,TRUE,36.24
607,AZAMGARH,UTTAR PRADESH,46.5890183,52.07986689,49.3344426,Medium,Education-driven,93.2,64.5,72.8,9,72.69,34.7,99.7,96,33.4,14.4,28,58.9,0.51,36.17,20.43,-0.12,98,25.39,0.2,2128,Medium,TRUE,36.17
230,CHATRA,JHARKHAND,33.23627288,15.05823627,24.14725458,Low,Health-driven,71.5,71.7,48.1,46.5,62.14,5.8,93.9,33,42.2,17.2,39.8,62.6,1.36,36.14,19.94,-0.45,10,32.66,4.37,968,Low,TRUE,36.14
601,AGRA,UTTAR PRADESH,39.6422629,53.16139767,46.40183028,Medium,Education-driven,89.1,74.1,70.8,9.4,69.44,59.9,98.9,97.8,35.9,16.4,26.2,73,0.5,36.12,19.16,-0.17,46,22.43,0.16,1732,Medium,TRUE,36.12
632,GORAKHPUR,UTTAR PRADESH,38.20715474,51.41430948,44.81073211,Medium,Education-driven,91.6,67.7,69.6,17.9,73.25,40.7,99.3,95.7,29.6,23.3,33.7,67.4,0.63,36.08,22.84,-0.12,60,21.08,0.41,1770,Medium,TRUE,36.08
612,BANDA,UTTAR PRADESH,13.51913478,43.78813089,28.65363283,Low,Education-driven,89.8,62.9,59.3,13.3,68.11,28.4,100,92.8,51,25.7,49.8,82.2,0.87,36,24.43,-0.21,24,21.56,0.01,1045,Low,TRUE,36
653,MATHURA,UTTAR PRADESH,42.63727121,47.61508597,45.12617859,Medium,Both equally,79.5,73.6,71.2,10.8,72.65,54.9,95.5,92.8,31.6,11,21.3,77.2,0.49,35.42,25.46,-0.13,20,19.89,0.06,947,Medium,TRUE,35.42
241,KODARMA,JHARKHAND,47.42096506,33.77703827,40.59900166,Medium,Health-driven,91.3,73.8,54,56.8,68.35,17,93.5,97,34.6,18,31.7,60,1.14,35.22,26.48,-0.37,6,15.22,0.96,417,Medium,TRUE,35.22
631,GONDA,UTTAR PRADESH,32.42512479,32.8896284,32.65737659,Low,Both equally,81.8,59.9,44.6,13.4,61.16,25.1,98.9,88.9,45.9,12.1,28,62,0.92,35.16,23.1,-0.23,44,15.49,0.03,2347,Low,TRUE,35.16
321,INDORE,MADHYA PRADESH,57.79950083,52.9395452,55.36952302,Medium,Both equally,96.5,84.6,90,40.3,82.32,59.3,96.5,96.4,28.7,21.2,24.9,78.8,0.87,35.05,14.31,-0.16,31,16.64,6.64,962,Medium,TRUE,35.05
644,KAUSHAMBI,UTTAR PRADESH,31.73876872,33.83250139,32.78563505,Low,Both equally,88.6,65.7,59.6,20.2,63.69,49.4,96.3,98.1,40.2,18.3,36.8,65.5,2.29,34.98,24.59,-0.64,20,34.72,0.01,869,Low,TRUE,34.98
682,HARDWAR,UTTARAKHAND,51.51830283,55.96228508,53.74029395,Medium,Both equally,79.8,76.5,69.8,46.6,74.62,87.1,98.3,94.4,31.1,16.4,27,63.1,0.32,34.82,16.3,-0.13,104,21.76,0.33,638,Medium,TRUE,34.82
141,AHMADABAD,GUJARAT,46.73460899,72.04658902,59.390599,Medium,Education-driven,94.5,65.2,86.4,36.2,86.65,100,100,99,35.5,17.5,34,72,0.8,34.52,12.15,-0.22,24,10.53,1.24,597,Medium,TRUE,34.52
383,THANE,MAHARASTRA,43.63560732,63.39434276,53.51497504,Medium,Education-driven,93.6,74.9,74.7,22.7,86.18,90.6,100,97.7,40.8,17.8,30.8,67.9,1.01,34.29,10.12,-0.24,23,6.6,13.95,947,Medium,TRUE,34.29
655,MEERUT,UTTAR PRADESH,59.15141431,57.90349418,58.52745424,Medium,Both equally,80.6,82.5,82.7,18.4,74.8,74.2,98.6,99.8,32.1,10.2,23.7,55.2,0.81,34.29,17.22,-0.05,46,18.12,0.1,1062,Medium,TRUE,34.29
239,JAMTARA,JHARKHAND,29.24292845,31.11480865,30.17886855,Low,Both equally,75.4,78.8,52.8,62.9,63.73,25.4,99.2,72.1,41.9,23,46.2,72.8,0.89,34.22,26.77,-0.2,5,9.21,30.4,387,Low,TRUE,34.22
349,UMARIA,MADHYA PRADESH,38.45673877,33.99889074,36.22781475,Medium,Both equally,92.2,90.6,53.7,19.9,67.34,24.4,97.4,90.2,45.3,15.5,36.6,71.5,0.97,34.2,22.04,-0.27,3,9.02,46.64,361,Medium,TRUE,34.2
374,PALGHAR,MAHARASTRA,44.86272879,45.31336661,45.0880477,Medium,Both equally,94.2,94,75.1,18.8,,82.6,99.9,97.1,33,23.9,37.1,70.3,1.07,34.12,,-0.2,10,,,765,Medium,TRUE,34.12
643,KANSHIRAM NAGAR,UTTAR PRADESH,22.50415973,44.23183583,33.36799778,Low,Education-driven,74.8,69.2,69.8,15.1,62.3,32.7,99.3,94.1,45.1,19.3,35.5,80.8,0.49,34.07,22.71,-0.14,15,17.7,0.01,987,Low,TRUE,34.07
347,TIKAMGARH,MADHYA PRADESH,45.23710483,42.90072102,44.06891292,Medium,Both equally,89.8,79,56.6,40.5,62.57,14,99.9,94,27.5,19.7,34.9,67.5,0.34,33.86,22.59,-0.05,-2,25.02,4.7,833,Medium,TRUE,33.86
257,BELLARY,KARNATAKA,37.7703827,46.67221298,42.22129784,Medium,Education-driven,95.7,71.5,64.1,25.7,67.85,96.6,100,89.2,36.1,22.9,36.5,67.5,1.19,33.76,18.96,-0.29,12,21.1,18.41,484,Medium,TRUE,33.76
323,JHABUA,MADHYA PRADESH,35.37853577,30.69883527,33.03868552,Low,Both equally,92.9,88.9,57.6,43.7,44.45,13.1,94.9,89.9,49.3,17.9,41.7,80.1,0.48,33.73,20.41,-0.04,27,1.7,87,1178,Low,TRUE,33.73
616,BIJNOR,UTTAR PRADESH,58.94342762,54.04880754,56.49611758,Medium,Both equally,83.7,90.6,78.2,18.8,70.43,48.1,99.7,99.2,36.2,9.4,21.9,60.9,0.85,33.41,17.25,-0.15,64,21.38,0.08,1508,Medium,TRUE,33.41
625,FARRUKHABAD,UTTAR PRADESH,28.32778702,40.43261231,34.38019967,Low,Education-driven,69.3,68.5,72.6,13.5,70.57,32.8,98.7,90.1,47.8,14.3,31.1,77.1,0.92,33.39,18.83,-0.09,28,16.59,0.01,928,Medium,FALSE,33.39
707,UTTAR DINAJPUR,WEST BENGAL,33.96422629,40.43261231,37.1984193,Medium,Education-driven,76.9,84.4,63.8,21,60.13,55.1,99.8,80.7,44.8,16,32,77.2,0.73,33.34,13.5,-0.22,16,26.87,5.41,1156,Medium,TRUE,33.34
618,BULANDSHAHR,UTTAR PRADESH,46.96339434,53.66056572,50.31198003,Medium,Education-driven,83.5,67.3,81.5,20.5,70.23,53.6,99.7,95.4,37.6,13.8,26.5,64.1,0.46,33.26,25.92,-0.13,70,20.74,0.01,1365,Medium,TRUE,33.26
658,MUZAFFARNAGAR,UTTAR PRADESH,41.65973378,59.2900721,50.47490294,Medium,Education-driven,87,69.5,80.1,8.2,70.11,71.3,100,97.8,29.8,20.7,29.9,65.4,0.47,33.24,19.11,-0.13,53,13.55,0.01,1026,Medium,TRUE,33.24
647,LALITPUR,UTTAR PRADESH,34.71297837,52.13533001,43.42415419,Medium,Education-driven,90.8,70.8,64.2,11.7,64.95,40.7,100,95.5,46.6,18.7,34.8,56,0.37,33.15,24.15,-0.05,11,19.69,5.86,936,Medium,TRUE,33.15
673,SULTANPUR,UTTAR PRADESH,51.10232945,35.94009983,43.52121464,Medium,Health-driven,87,80.2,65.1,20.7,71.14,32.5,96.3,96,33.4,10.7,28.3,62.3,1.69,33.1,21.82,-0.25,46,22.43,0.02,1547,Medium,TRUE,33.1
233,DUMKA,JHARKHAND,23.77287854,17.55407654,20.66347754,Low,Health-driven,60.3,78.9,41.5,45.4,62.54,10.1,94.3,48,38.2,27.8,44.9,75.1,1.31,32.96,25.57,-0.55,7,6.03,43.22,914,Low,TRUE,32.96
168,SURAT,GUJARAT,47.42096506,70.49362174,58.9572934,Medium,Education-driven,97.7,92.8,82,31.6,86.65,100,100,99.3,36.1,26,32.5,83.6,1.01,32.73,10.03,-0.13,12,2.6,14.09,466,Medium,TRUE,32.73
640,KANNAUJ,UTTAR PRADESH,20.54908486,50.52689961,35.53799224,Low,Education-driven,76.4,55.8,70.1,15.3,74.01,40.9,99.9,90.9,43,21.5,33.5,79.6,0.75,32.26,17.9,-0.18,22,18.71,0,1010,Low,TRUE,32.26
264,DAKSHINA KANNADA,KARNATAKA,68.96838602,61.42540211,65.19689407,High,Health-driven,100,86.8,97.1,36.3,88.62,100,100,95.6,25.1,30.5,26.4,51.1,1.55,32.2,9.27,-0.56,1,7.09,3.94,222,High,TRUE,32.2
604,AMBEDKAR NAGAR,UTTAR PRADESH,49.60482529,49.61175818,49.60829174,Medium,Both equally,92.2,75.1,63.6,23,74.37,35.1,96.2,95.7,31.1,17.8,29.2,54.9,0.52,32.13,19.33,-0.12,80,24.65,0.03,1201,Medium,TRUE,32.13
639,JYOTIBA PHULE NAGAR,UTTAR PRADESH,29.26372712,55.46311703,42.36342207,Medium,Education-driven,81.1,72.9,78.9,8.3,65.7,55.2,99.9,98.4,42.2,22.5,35.4,69.6,0.54,32.1,22.76,-0.06,26,17.28,0.01,867,Medium,TRUE,32.1
627,FIROZABAD,UTTAR PRADESH,35.06655574,54.63117027,44.84886301,Medium,Education-driven,80.1,67.1,69,13.4,74.6,50.8,98.9,98.6,46.9,9.5,25.6,73.9,0.85,31.84,18.28,-0.12,14,18.97,0.1,1073,Medium,TRUE,31.84
324,KATNI,MADHYA PRADESH,25.29118136,31.55851359,28.42484748,Low,Education-driven,91.8,86,53.5,18.1,73.62,20.9,93.1,93.3,49.5,21.8,44,78.7,1.54,31.72,21.73,-0.44,12,12.05,24.59,403,Low,TRUE,31.72
187,MEWAT,HARYANA,24.20965058,49.3344426,36.77204659,Medium,Education-driven,74.6,53.8,71.7,11.5,56.14,89.6,99.7,94.6,44.4,14.2,37.3,76.4,0.69,31.72,35.4,-0.21,46,6.91,0,351,Medium,TRUE,31.72
148,BOTAD,GUJARAT,37.41680532,51.4697726,44.44328896,Medium,Education-driven,93.5,65.1,72,38,,99.7,99.4,98.9,32.2,26,32.3,75.5,0.96,31.66,,-0.06,-1,,,28,Medium,TRUE,31.66
151,DOHAD,GUJARAT,17.47088186,50.47143649,33.97115918,Low,Education-driven,92.5,66.2,35.9,40.3,60.6,99.8,100,89.1,55.3,27.8,53,87.2,0.85,31.51,23.12,-0.21,12,1.95,74.32,306,Low,TRUE,31.51
253,BAGALKOT,KARNATAKA,36.14808652,51.35884637,43.75346644,Medium,Education-driven,95.2,78.6,51.3,22.3,69.39,98.2,100,93.6,48.3,16.9,42.3,63.8,1.22,31.49,21.61,-0.28,19,16.89,5.14,342,Medium,TRUE,31.49
251,SARAIKELA-KHARSAWAN,JHARKHAND,28.91014975,20.54908486,24.7296173,Low,Health-driven,81.8,80.9,60.9,63.1,68.85,12.3,94.5,56.6,40,32.9,48.7,76.1,1.4,30.96,24.82,-0.2,-34,5.28,35.18,445,Low,TRUE,30.96
343,SHEOPUR,MADHYA PRADESH,27.01747088,33.08374931,30.05061009,Low,Education-driven,84.2,65.8,48,27.1,58.02,20.3,100,92.7,45.8,16.2,37.7,71.6,1.45,30.78,25.85,-0.51,25,15.76,23.47,417,Low,TRUE,30.78
249,RANCHI,JHARKHAND,42.8452579,25.29118136,34.06821963,Low,Health-driven,87.3,73.8,77.2,43.9,77.13,22.9,94.2,58.8,28.3,32.7,40.6,62.8,1.78,30.71,17.43,-1.36,46,5.25,35.76,880,Low,TRUE,30.71
657,MORADABAD,UTTAR PRADESH,45.6530782,51.83028286,48.74168053,Medium,Education-driven,80.3,84.5,79,17.1,58.67,46.6,100,98.9,34.7,19.1,27,67.6,0.78,30.67,17.2,-0.05,36,15.33,0.01,1215,Medium,TRUE,30.67
610,BALLIA,UTTAR PRADESH,21.2562396,46.31170272,33.78397116,Low,Education-driven,90,62.2,61.7,10.6,73.82,26.1,97.8,95.6,43.8,21.9,42.5,71.6,0.75,30.65,23.47,-0.23,65,15.27,3.4,1321,Low,TRUE,30.65
606,AURAIYA,UTTAR PRADESH,43.09484193,55.62950638,49.36217415,Medium,Education-driven,90.1,82.5,74.3,18.4,80.25,49,100,95.1,39.7,19.4,32.6,64.2,1.01,30.58,15.4,-0.38,22,28.39,0.01,732,Medium,TRUE,30.58
145,BANAS KANTHA,GUJARAT,22.98252912,52.2739878,37.62825846,Medium,Education-driven,92.9,43.5,53.9,41,66.39,99.4,100,89.8,39,25.5,44.1,79,0.89,30.41,26.87,-0.3,23,10.49,9.11,296,Low,FALSE,30.41
663,SAHARANPUR,UTTAR PRADESH,48.75207987,54.76982806,51.76095397,Medium,Education-driven,81.7,89.2,83.8,11.8,72.03,67.1,97.7,98.4,28.8,22,26.7,68.1,0.69,30.38,16.47,-0.29,27,22.05,0.03,1056,Medium,TRUE,30.38
273,KOPPAL,KARNATAKA,28.70216306,45.5906822,37.14642263,Medium,Education-driven,90.7,84.8,58.8,20.6,67.28,92.9,100,89.6,49.1,23.1,45.8,70.7,1.3,30.26,21.99,-0.33,22,18.61,11.82,254,Medium,TRUE,30.26
237,GUMLA,JHARKHAND,38.64392679,26.81641708,32.73017194,Low,Health-driven,83.8,85.3,50.1,51.7,66.92,8.1,90.1,37.3,40.2,20.1,38.7,65.8,0.46,30.08,19.9,-0.06,22,3.17,68.94,619,Low,TRUE,30.08
584,RANGA REDDY,TELANGANA,58.02828619,55.04714365,56.53771492,Medium,Both equally,97.2,85.8,81.1,58.3,78.05,89,94.9,92.4,37.8,13.9,29.5,75.8,0.29,30.01,12.18,-0.04,49,12.31,4.13,1463,Medium,TRUE,30.01
636,JALAUN,UTTAR PRADESH,36.62645591,58.40266223,47.51455907,Medium,Education-driven,85.1,66.2,80.2,17.6,75.16,44.7,100,93.8,45.1,19.5,36.1,55.2,0.25,29.97,21.01,-0.09,47,27.7,0.05,1139,Medium,TRUE,29.97
268,GULBARGA,KARNATAKA,26.55990017,43.23349972,34.89669994,Low,Education-driven,88.7,75.3,36.5,17.4,65.65,93.4,99.8,89.6,34.5,25,36.2,75.1,1.31,29.96,,-0.27,23,25.28,2.54,562,Medium,FALSE,29.96
147,BHAVNAGAR,GUJARAT,37.58319468,67.33222407,52.45770937,Medium,Education-driven,94.2,74.3,72.9,32.2,76.84,100,100,99.1,32.6,29.6,39.5,71.5,0.94,29.96,19.23,-0.22,17,5.45,0.32,92,Medium,TRUE,29.96
276,RAICHUR,KARNATAKA,26.78868552,43.73266778,35.26067665,Low,Education-driven,88.9,80.2,53,17.8,60.46,98.3,100,79.6,39.8,23.2,40.7,73.6,1.07,29.95,21.79,-0.28,19,20.79,19.03,442,Medium,FALSE,29.95
613,BARA BANKI,UTTAR PRADESH,29.61730449,46.56128674,38.08929562,Medium,Education-driven,76,64.4,62.4,14.6,63.76,35.2,98.4,100,41.9,18.1,31.9,65.5,0.97,29.42,18.39,-0.38,36,26.52,0.02,1382,Medium,TRUE,29.42
248,RAMGARH,JHARKHAND,42.80366057,28.72989462,35.76677759,Low,Health-driven,79,81.8,64.2,49.7,73.92,30.5,96,63.4,35.3,23.5,35.3,59.7,1.52,29.38,20.02,-0.57,59,11.2,21.19,287,Medium,FALSE,29.38
699,MURSHIDABAD,WEST BENGAL,44.6547421,41.54187465,43.09830837,Medium,Both equally,87,90,69.7,28.4,67.53,64.4,99.7,87.2,39.8,16.3,32.4,72.1,1.2,29.37,7.14,-0.34,99,12.64,1.28,1862,Medium,TRUE,29.37
164,PATAN,GUJARAT,40.43261231,59.40099834,49.91680532,Medium,Education-driven,98.6,81,73.1,50.2,73.47,100,100,94.5,50.5,20.9,42.3,76.2,1.05,29.34,22.27,-0.34,10,9.18,0.99,59,Medium,TRUE,29.34
698,MALDAH,WEST BENGAL,38.04076539,37.10482529,37.57279534,Medium,Both equally,87.7,87.2,62,29,62.71,62.5,99.5,81.3,40.5,20,35.3,71,1.18,29.13,9.43,-0.28,62,20.94,7.87,1317,Medium,TRUE,29.13
372,NASHIK,MAHARASTRA,26.66389351,60.73211314,43.69800333,Medium,Education-driven,90.5,70.4,68.3,14.7,80.96,87.1,100,98,42.2,27.2,44.8,67.3,1.18,29.11,14.6,-0.32,34,9.08,25.62,980,Medium,TRUE,29.11
602,ALIGARH,UTTAR PRADESH,46.33943428,55.51858014,50.92900721,Medium,Education-driven,82.6,70.1,69.4,17.6,69.61,47,99.3,98.1,35,10.9,26.3,62.6,0.45,29.06,22.76,-0.12,37,20.56,0.02,1388,Medium,TRUE,29.06
266,DHARWAD,KARNATAKA,50.22878536,56.10094287,53.16486412,Medium,Education-driven,99.7,87.6,79.3,24.5,80.3,96.4,100,92.6,45.2,16.5,40.4,67.2,1.28,29.01,13.26,-0.27,16,9.63,4.74,151,Medium,TRUE,29.01
329,MORENA,MADHYA PRADESH,44.57154742,36.85524126,40.71339434,Medium,Health-driven,94.8,69.7,62.7,36.3,72.07,27.5,94.7,92,40,10.1,29.6,74.7,1.1,28.99,26.56,-0.28,17,21.44,0.87,968,Medium,TRUE,28.99
256,BELGAUM,KARNATAKA,40.74459235,57.37659456,49.06059346,Medium,Education-driven,97.5,81.4,67.7,20.7,73.94,97.8,100,94.9,32.8,23.6,36.9,72.7,1.1,28.88,18.16,-0.29,16,12.08,6.22,240,Medium,TRUE,28.88
143,ANAND,GUJARAT,36.41846922,68.19190238,52.3051858,Medium,Education-driven,96,77,82.1,36.2,85.79,100,100,99.6,38.4,28.6,46.6,78.4,1.35,28.79,15.47,-0.32,7,4.99,1.19,94,Medium,TRUE,28.79
309,BURHANPUR,MADHYA PRADESH,36.91763727,40.95951192,38.9385746,Medium,Both equally,90.7,91.7,74,42.2,65.28,34.5,99.2,88.8,38.7,27.9,47.2,77.9,0.79,28.75,15.98,0.01,11,8.48,30.36,261,Medium,TRUE,28.75
127,MUNGELI,CHHATTISGARH,55.74043261,39.01830283,47.37936772,Medium,Health-driven,69.8,79.7,80.7,68,,59.8,99.9,90.5,30.1,17.7,30.6,62,1.16,28.62,,-0.2,11,,,354,Medium,TRUE,28.62
337,SAGAR,MADHYA PRADESH,34.21381032,35.57958957,34.89669994,Low,Both equally,86.9,75.9,68.8,27.5,77.52,22.5,95.2,92.1,42.7,15.2,35.8,83.3,1.5,28.46,18.59,-0.3,69,21.09,9.33,716,Medium,FALSE,28.46
163,PANCH MAHALS,GUJARAT,26.12312812,53.63283417,39.87798114,Medium,Education-driven,88.4,95.4,58.9,34,72.32,100,100,91.8,47.1,35.7,51.9,91,1.35,28.23,24.12,-0.29,13,4.2,30.18,88,Medium,TRUE,28.23
252,SIMDEGA,JHARKHAND,35.39933444,22.87853577,29.13893511,Low,Health-driven,75.7,79.3,71.3,60.6,67.59,7.5,88.9,30.3,42.2,21.1,37,75.4,0.91,28.2,16.46,-0.09,-20,7.45,70.78,345,Low,TRUE,28.2
240,KHUNTI,JHARKHAND,28.09900166,12.45146977,20.27523572,Low,Health-driven,73.8,71.9,55.2,58.2,64.51,9.9,87.1,54,38.5,32.1,44,66.9,2.29,28.17,21.62,-0.27,5,4.52,73.25,277,Low,TRUE,28.17
312,DAMOH,MADHYA PRADESH,26.58069884,28.53577371,27.55823627,Low,Both equally,85,60.8,40.6,21.6,70.92,15.5,91.2,84.1,40.3,16.2,32.3,76.3,1.14,28.02,21.1,-0.32,-35,19.49,13.15,415,Low,TRUE,28.02
621,DEORIA,UTTAR PRADESH,32.92429285,45.75707155,39.3406822,Medium,Education-driven,93.4,64.2,69.1,10.5,73.53,32.4,95,96.5,36.8,26.5,39.4,54.9,0.87,27.99,24.73,-0.37,73,15.11,3.54,1203,Medium,TRUE,27.99
229,BOKARO,JHARKHAND,39.6422629,32.64004437,36.14115363,Medium,Health-driven,80.9,71,64.4,44.7,73.48,21.6,96.5,62.2,36.2,19.7,32.3,66.5,0.94,27.98,23.04,-0.36,31,14.51,12.4,637,Medium,TRUE,27.98
267,GADAG,KARNATAKA,34.10981697,52.91181364,43.51081531,Medium,Education-driven,96.2,74.3,55.2,28.3,75.18,99.4,100,95.5,45.2,18.2,39.8,70.3,2.24,27.92,19.6,-0.51,17,16.36,5.79,112,Medium,TRUE,27.92
169,SURENDRANAGAR,GUJARAT,24.45923461,54.57570715,39.51747088,Medium,Education-driven,85.6,62.5,63.8,50.4,73.19,99.8,100,94.4,39.2,27.1,41.8,81,1.47,27.91,21.27,-0.33,7,10.22,1.22,78,Medium,TRUE,27.91
157,KHEDA,GUJARAT,27.41264559,66.02884082,46.72074321,Medium,Education-driven,95.2,69,63.3,32.2,84.31,99.9,100,97.2,37.3,30.9,39.5,85.1,1.18,27.88,18.73,-0.32,-2,5.03,1.75,113,Medium,TRUE,27.88
172,VADODARA,GUJARAT,43.28202995,69.02384914,56.15293955,Medium,Education-driven,95.9,84.9,85.6,41.7,81.21,100,100,99.4,42.3,20.1,39.9,86.4,1.11,27.8,13.19,-0.36,15,5.32,27.61,142,Medium,TRUE,27.8
301,ALIRAJPUR,MADHYA PRADESH,50.49916805,37.54853023,44.02384914,Medium,Health-driven,83.2,84.1,84.7,42.5,37.22,8.5,100,88.4,34.6,15.4,31.6,76.4,0.59,27.73,12.63,-0.14,19,3.69,88.98,840,Medium,TRUE,27.73
258,BIDAR,KARNATAKA,37.99916805,47.47642818,42.73779811,Medium,Education-driven,99,74.8,56.5,21.4,71.01,91.3,100,90.7,36.8,22.1,36.1,69.3,1.49,27.71,18.28,-0.18,12,23.47,13.85,296,Medium,TRUE,27.71
624,FAIZABAD,UTTAR PRADESH,49.45923461,49.44536883,49.45230172,Medium,Both equally,89.1,68.7,64.4,19.8,70.63,39.2,99,94.9,30.6,12.4,27.5,57.7,0.74,27.61,19.49,-0.13,116,22.46,0.04,1172,Medium,TRUE,27.61
564,HYDERABAD,TELANGANA,65.86938436,61.25901276,63.56419856,High,Both equally,98.3,73.8,84.4,48.9,80.96,93.5,98.3,97.7,30.4,17.7,18.9,63.6,0.8,27.59,4.93,-0.03,86,6.29,1.24,1087,High,TRUE,27.59
156,KACHCHH,GUJARAT,48.1281198,56.96062119,52.54437049,Medium,Education-driven,97.4,70.2,85.8,34.3,71.58,99.2,100,91.6,37.5,20.2,33.4,68.6,0.91,27.58,18.98,-0.28,27,12.37,1.16,223,Medium,TRUE,27.58
310,CHHATARPUR,MADHYA PRADESH,24.3968386,39.73932335,32.06808098,Low,Education-driven,85.2,72.9,55.5,17.1,64.9,23.5,99.8,92.4,45.1,17.5,34.6,87.2,1.01,27.56,19.86,-0.17,70,23,4.18,712,Low,TRUE,27.56
363,JALGAON,MAHARASTRA,17.7828619,65.08596783,41.43441486,Medium,Education-driven,86.5,61.3,59.7,11.9,79.73,86.7,100,99.7,36.3,30.5,36.9,85.2,1.02,27.45,17.05,-0.41,32,9.2,14.29,646,Medium,TRUE,27.45
497,BARMER,RAJASTHAN,66.43094842,30.36605657,48.3985025,Medium,Health-driven,93.3,92.9,83.6,97.8,57.49,34.5,97.1,67.8,39.1,11.5,31.7,67.1,0.89,27.37,31.29,-0.19,69,16.76,6.77,2060,Medium,TRUE,27.37
344,SHIVPURI,MADHYA PRADESH,34.83777038,32.11314476,33.47545757,Low,Both equally,94.5,63.1,55.5,38.9,63.73,17.4,98.9,88.2,39.2,18.4,36.1,70.5,1.13,27.36,26.73,-0.27,84,18.63,13.2,726,Low,TRUE,27.36
158,MAHESANA,GUJARAT,39.24708819,69.30116473,54.27412646,Medium,Education-driven,97.3,79.6,72.1,40.7,84.26,99.8,100,97.8,31,28.2,41.4,86,0.92,27.31,15.76,-0.23,12,7.98,0.46,47,Medium,TRUE,27.31
270,HAVERI,KARNATAKA,56.11480865,60.17748197,58.14614531,Medium,Both equally,97.2,95.7,68.9,28.8,77.6,99.1,100,99,29.9,17.7,35,66.9,1.72,27.08,13.57,-0.48,23,13.77,8.85,149,Medium,TRUE,27.08
316,DINDORI,MADHYA PRADESH,35.37853577,22.21297837,28.79575707,Low,Health-driven,77.6,80.3,47.9,47.2,65.47,10.7,87.2,85.8,38.9,15.8,33.6,78.1,1.4,27.02,24.11,-0.47,17,5.65,64.7,523,Low,TRUE,27.02
341,SHAHDOL,MADHYA PRADESH,42.94925125,39.73932335,41.3442873,Medium,Both equally,85.6,86.1,61.4,58.4,68.36,22.3,98.7,95.9,44,20.4,39.2,57.3,1.17,27,20.14,-0.21,31,8.42,44.65,509,Medium,TRUE,27
113,BEMETARA,CHHATTISGARH,64.68386023,47.83693844,56.26039933,Medium,Health-driven,95,93.4,80.5,63.4,,98,99.6,90.4,38.4,16.4,27.6,61.8,0.7,26.95,,-0.12,3,,,365,Medium,TRUE,26.95
173,VALSAD,GUJARAT,47.31697171,71.88019967,59.59858569,Medium,Education-driven,96.5,91.1,85.3,40.6,80.94,99.9,100,99.5,37.8,23.2,34.8,87.6,0.86,26.89,11.52,-0.19,11,2.24,52.93,129,Medium,TRUE,26.89
375,PARBHANI,MAHARASTRA,18.69800333,42.23516362,30.46658347,Low,Education-driven,85.6,52,60.1,10.5,75.22,72.8,94.9,96.3,37.6,22.8,41.8,75.4,2.21,26.67,21.39,-0.39,26,13.47,2.21,259,Low,TRUE,26.67
345,SIDHI,MADHYA PRADESH,34.13061564,32.83416528,33.48239046,Low,Both equally,83.8,78.2,44.7,26.1,66.09,17.7,96,95.1,39.1,16.6,32.8,72.5,1.31,26.65,21.27,-0.31,158,11.55,27.8,603,Low,TRUE,26.65
364,JALNA,MAHARASTRA,26.66389351,54.0765391,40.37021631,Medium,Education-driven,92.8,54.3,63.6,9.7,73.61,70.2,100,96.4,38,22.2,39,68.3,1.25,26.62,23.97,-0.27,16,13.9,2.16,392,Medium,TRUE,26.62
280,UDUPI,KARNATAKA,78.88935108,58.01442041,68.45188575,High,Health-driven,98.9,89.9,94.5,50.9,86.29,99,100,93.8,23.1,17.6,21,58.3,1.83,26.45,10.28,-0.46,18,6.41,4.49,109,High,TRUE,26.45
171,THE DANGS,GUJARAT,30.15806988,60.23294509,45.19550749,Medium,Education-driven,74.5,91.3,71.7,44.3,76.8,100,100,99.8,37.6,40.9,53.1,82.4,2.51,26.35,16.23,-0.2,2,0.44,94.65,30,Medium,TRUE,26.35
177,FARIDABAD,HARYANA,62.58319468,72.76760954,67.67540211,High,Education-driven,92.5,69.5,84.2,32.8,83.04,98,99.8,98.9,28.9,8,19.5,68.4,0.25,26.18,14.77,-0.02,18,12.37,0,297,High,TRUE,26.18
260,CHAMARAJANAGAR,KARNATAKA,60.98169717,43.28896284,52.13533001,Medium,Health-driven,100,93.3,75.2,34.4,61.12,93.6,100,86.6,32.2,18,28.7,68.7,1.31,26.15,13.56,-0.37,27,25.42,11.78,114,Medium,TRUE,26.15
307,BHIND,MADHYA PRADESH,50.41597338,40.65446478,45.53521908,Medium,Health-driven,93.5,70.7,79.9,31,76.59,26.8,94.5,87.1,32.2,12.4,29,75.6,0.86,26.15,23.24,-0.15,28,22.01,0.36,616,Medium,TRUE,26.15
623,ETAWAH,UTTAR PRADESH,44.80033278,54.0765391,49.43843594,Medium,Education-driven,85.2,77.7,78.1,17.9,79.99,46.4,99.5,97.9,38.8,13.9,24.3,74,1.28,26.06,16.48,-0.13,22,24.55,0.01,730,Medium,TRUE,26.06
303,ASHOKNAGAR,MADHYA PRADESH,42.5124792,34.58125347,38.54686633,Medium,Health-driven,91.3,69.1,53.7,34.2,67.9,18.6,98.1,79,32.6,19.7,31.1,59.7,0.79,26.06,26.02,0.25,-46,20.8,9.71,324,Medium,TRUE,26.06
166,RAJKOT,GUJARAT,52.70382696,71.27010538,61.98696617,Medium,Education-driven,99.3,84.9,85.4,45.1,82.2,99.9,99.4,99.2,38.9,17.6,37,77,0.67,25.9,13.41,-0.13,29,7.63,0.63,145,Medium,TRUE,25.9
336,REWA,MADHYA PRADESH,28.84775374,42.90072102,35.87423738,Medium,Education-driven,80.4,70.3,46.1,29.4,73.42,29.1,97.6,86.4,37,18.7,31.5,78,0.72,25.87,21.21,-0.25,-149,16.22,13.19,1115,Low,FALSE,25.87
674,UNNAO,UTTAR PRADESH,30.47004992,55.29672768,42.8833888,Medium,Education-driven,80.8,58.6,60.3,15.3,68.29,39.7,99.6,100,39.2,12.1,29.3,76,0.81,25.86,18.52,-0.11,46,30.52,0.09,1274,Medium,TRUE,25.86
162,NAVSARI,GUJARAT,47.67054908,70.1885746,58.92956184,Medium,Education-driven,99.3,95,80.1,42,84.78,100,100,99,36.8,29,43.6,75.3,1.15,25.84,10.76,-0.3,1,2.67,48.11,49,Medium,TRUE,25.84
626,FATEHPUR,UTTAR PRADESH,19.94592346,42.45701608,31.20146977,Low,Education-driven,81.4,55.7,63.1,16.8,68.78,27,96.7,94.6,51.1,17.8,38,78.1,0.82,25.77,20.93,-0.26,33,24.75,0.01,1087,Low,TRUE,25.77
359,DHULE,MAHARASTRA,17.05490849,55.93455352,36.494731,Medium,Education-driven,77.2,56.6,58.9,19.8,74.61,86.3,99.8,98.3,37.6,38.9,46,72.2,1.35,25.57,16.38,-0.5,27,6.22,31.56,431,Low,FALSE,25.57
327,MANDLA,MADHYA PRADESH,48.35690516,30.78202995,39.56946755,Medium,Health-driven,87.6,88.9,58.4,42.6,68.28,10.5,94.8,89.9,32.1,15.9,33,70.2,1.13,25.57,22.3,-0.16,2,4.59,57.88,573,Medium,TRUE,25.57
247,PURBI SINGHBHUM,JHARKHAND,44.6547421,33.91569606,39.28521908,Medium,Health-driven,94,88.8,70.2,50.7,76.13,28.1,95.2,62.9,35.9,29.4,41.6,67.4,1.16,25.45,17.18,-0.32,19,4.86,28.51,485,Medium,TRUE,25.45
46,DHUBRI,ASSAM,27.4750416,28.84082085,28.15793123,Low,Both equally,64.2,71.6,61.8,59.4,59.36,15,100,78.2,48.5,21.5,37.8,73.1,1.39,25.41,9.94,-0.56,154,3.61,0.33,1735,Low,TRUE,25.41
13,VISAKHAPATNAM,ANDHRA PRADESH,50.6031614,40.26622296,45.43469218,Medium,Health-driven,95.3,76.5,77.8,64.9,67.7,77.5,95.3,87.1,31,21.5,33.5,72.6,1.11,25.37,15.48,-0.21,34,7.68,14.42,629,Medium,TRUE,25.37
137,DAMAN,DADRA AND NAGAR HAVELI & DAMAN AND DIU,42.63727121,77.34331669,59.99029395,Medium,Education-driven,97.4,78.3,67.1,32.9,88.06,100,100,98.7,30,25.2,29.3,82.5,0.55,25.37,10.39,-0.12,0,2.23,7.97,13,Medium,TRUE,25.37
690,BIRBHUM,WEST BENGAL,31.15640599,46.81087077,38.98363838,Medium,Education-driven,90.3,81.6,55,37.7,70.9,70.4,99.5,91.5,37,25.5,41.8,76.5,1.21,25.27,13.35,-0.3,47,29.5,6.92,887,Medium,TRUE,25.27
622,ETAH,UTTAR PRADESH,24.04326123,55.213533,39.62839712,Medium,Education-driven,76.7,55.5,62.7,12.8,73.27,32.3,99.4,96.5,48.8,15,30.6,77.4,0.44,25.24,21.49,-0.06,32,15.84,0.01,760,Medium,TRUE,25.24
152,GANDHINAGAR,GUJARAT,37.52079867,75.01386578,56.26733222,Medium,Education-driven,97.8,77.7,84.6,29.7,85.78,100,100,100,38.1,30.6,44.6,81.2,0.9,25.23,16.22,-0.2,-3,7.8,1.31,58,Medium,TRUE,25.23
376,PUNE,MAHARASTRA,42.86605657,63.11702718,52.99154187,Medium,Education-driven,98,58.1,79.6,14.4,87.19,94.7,100,98.3,30.7,31.4,32.7,58.7,1.55,25.22,11.59,-0.24,42,12.52,3.7,770,Medium,TRUE,25.22
154,JAMNAGAR,GUJARAT,53.30698835,68.2473655,60.77717693,Medium,Education-driven,96.5,78.4,86.6,38.6,74.4,99.7,100,98.9,28.4,23.8,28.9,75,0.83,25.14,16.38,-0.17,20,8.05,1.12,62,Medium,TRUE,25.14
275,MYSORE,KARNATAKA,73.02412646,57.70937327,65.36674986,High,Health-driven,100,97.2,86.4,26.2,72.56,97.9,100,96.7,27.5,15.6,28.2,57.2,1.23,25.09,11.85,-0.31,31,17.88,11.15,227,High,TRUE,25.09
146,BHARUCH,GUJARAT,33.44425957,63.20022185,48.32224071,Medium,Education-driven,91.1,80,77.7,37.4,83.03,100,100,90.7,40.9,24.5,45.5,81,1.09,25.07,12.01,-0.17,8,4.01,31.48,86,Medium,TRUE,25.07
371,NANDURBAR,MAHARASTRA,11.98003328,50.83194676,31.40599002,Low,Education-driven,76.3,72.4,54.1,15.3,63.04,57.4,100,92.3,45.8,30.7,57.2,79.3,0.72,25.05,18.08,-0.11,14,2.91,69.28,389,Low,TRUE,25.05
362,HINGOLI,MAHARASTRA,31.75956739,53.30005546,42.52981143,Medium,Education-driven,94,76.9,69,14.7,76.04,75.7,100,97.4,37.4,25.8,38.9,72.5,1.86,25.02,22,-0.53,19,15.51,9.51,164,Medium,TRUE,25.02
675,VARANASI,UTTAR PRADESH,42.92845258,64.55906822,53.7437604,Medium,Education-driven,95.2,79.3,83.2,12.8,77.05,46.3,99.9,99.3,37.4,21,39,65.2,0.6,24.99,16.92,-0.18,26,13.24,0.78,445,Medium,TRUE,24.99
160,MORBI,GUJARAT,39.74625624,57.1547421,48.45049917,Medium,Education-driven,94.8,64.2,80.1,34.4,,98.7,100,98.5,32.9,25.2,32.3,75.3,0.82,24.95,,-0.14,3,,,43,Medium,TRUE,24.95
153,GIR SOMNATH,GUJARAT,40.9733777,56.40599002,48.68968386,Medium,Education-driven,87.1,69.9,74.3,46.6,,99.3,100,100,44.4,18.5,30.3,68.9,1.15,24.8,,-0.28,5,,,18,Medium,TRUE,24.8
705,PURULIYA,WEST BENGAL,27.41264559,36.66112035,32.03688297,Low,Education-driven,89.8,84.7,29.2,35.6,65.38,76,97.6,83.4,36.9,29.4,46.3,77.9,1.39,24.76,27.56,-0.37,74,19.38,18.45,984,Low,TRUE,24.76
696,KOCH BIHAR,WEST BENGAL,63.97670549,51.74708819,57.86189684,Medium,Health-driven,93,94.2,75.7,36,75.49,61.1,99.5,89.3,28.7,16.8,22.5,66.4,0.88,24.75,12.44,-0.27,159,50.17,0.64,832,Medium,TRUE,24.75
265,DAVANAGERE,KARNATAKA,49.77121464,55.60177482,52.68649473,Medium,Education-driven,98.3,79.4,83.3,25.2,76.3,96.2,100,92.7,38.4,18.8,32.8,70.2,1.32,24.74,13.63,-0.31,22,20.18,11.98,151,Medium,TRUE,24.74
142,AMRELI,GUJARAT,38.91430948,69.0515807,53.98294509,Medium,Education-driven,90.1,60.1,73.3,47.7,74.49,100,100,100,35.3,23.7,30.6,72,0.99,24.67,14.85,-0.22,2,8.78,0.48,33,Medium,TRUE,24.67
505,DHAULPUR,RAJASTHAN,47.42096506,44.75873544,46.08985025,Medium,Both equally,94.4,85.9,57.5,89,70.14,41.4,97.7,86.4,45.7,13.7,31.3,81.7,0.71,24.66,27.08,-0.17,7,20.36,4.86,483,Medium,TRUE,24.66
451,KALAHANDI,ODISHA,52.64143095,38.18635607,45.41389351,Medium,Health-driven,92.8,91.3,64.4,48.6,60.22,18.8,100,93.5,33,17.2,33.6,68.8,1.22,24.43,26.07,-0.32,-21,18.17,28.5,669,Medium,TRUE,24.43
305,BARWANI,MADHYA PRADESH,26.93427621,40.59900166,33.76663894,Low,Education-driven,85.1,76.1,61,29.2,50.23,15.1,100,88.8,45.8,18.9,41,78.2,0.54,24.39,14.23,-0.11,201,6.35,69.43,761,Low,TRUE,24.39
357,BULDANA,MAHARASTRA,30.84442596,54.46478092,42.65460344,Medium,Education-driven,93.9,85.9,68.9,37.9,82.09,82.4,100,95.4,45,31.7,47.2,79.4,1.95,24.25,17.74,-0.62,23,18.21,4.83,292,Medium,TRUE,24.25
161,NARMADA,GUJARAT,24.6672213,57.90349418,41.28535774,Medium,Education-driven,81.7,82.8,54.6,51.1,73.29,99.4,99.9,99.7,47.2,23,52.8,93.2,1.98,24.21,18.98,-0.56,6,1.48,81.55,37,Medium,TRUE,24.21
110,BALODA BAZAR,CHHATTISGARH,44.36356073,36.18968386,40.2766223,Medium,Health-driven,78.1,77.3,78.9,66.1,,81.3,99.9,89.5,40.9,19.4,34.1,67.8,1.89,24.14,,-0.55,17,,,239,Medium,TRUE,24.14
370,NANDED,MAHARASTRA,36.08569052,50.16638935,43.12603993,Medium,Education-driven,94.8,75.7,68,15.7,76.94,68.6,99.1,95.8,36,19,35.2,76.1,1.62,23.96,19.94,-0.53,46,19.06,8.38,383,Medium,TRUE,23.96
315,DHAR,MADHYA PRADESH,42.5124792,32.69550749,37.60399334,Medium,Health-driven,95.5,75.4,61.9,30.3,60.57,20.9,95.8,90.7,28.8,29.5,35.9,65,0.99,23.96,21.41,-0.21,377,6.65,55.94,942,Medium,TRUE,23.96
263,CHITRADURGA,KARNATAKA,56.8843594,52.35718247,54.62077094,Medium,Both equally,98.3,94.6,63.1,35.3,73.82,99.2,100,92.6,36,17.9,32.4,61.1,1.9,23.93,15.32,-0.59,9,23.45,18.23,141,Medium,TRUE,23.93
511,JALOR,RAJASTHAN,56.15640599,38.01996672,47.08818636,Medium,Health-driven,95.5,78,77.4,96.6,55.58,51.3,98.4,73,44.3,12.1,36.5,66.3,0.72,23.88,33.1,-0.25,49,19.53,9.77,709,Medium,TRUE,23.88
438,BALANGIR,ODISHA,47.4625624,37.07709373,42.26982806,Medium,Health-driven,97.9,95.8,66.3,44,65.5,22.5,100,94.1,32.7,25.5,37.6,74.9,1.89,23.87,23.31,-0.57,23,17.88,21.05,457,Medium,TRUE,23.87
638,JHANSI,UTTAR PRADESH,25.56156406,59.37326678,42.46741542,Medium,Education-driven,92.9,44.5,73.2,11.4,76.37,60.1,97.5,96.6,40.9,25.2,39.3,70.3,0.35,23.87,21.7,-0.05,35,28.15,0.19,618,Medium,TRUE,23.87
170,TAPI,GUJARAT,35.2953411,62.56239601,48.92886855,Medium,Education-driven,92.9,97.5,70.2,42.3,69.23,99.9,100,97.8,41.7,36.6,51.8,80.7,0.96,23.77,15.17,-0.38,6,1.01,84.18,37,Medium,TRUE,23.77
332,PANNA,MADHYA PRADESH,16.16056572,30.80976151,23.48516362,Low,Education-driven,84,64.5,43.8,12.6,66.08,18.2,97,78.5,45.1,23.2,39.2,74.5,1.01,23.7,20.05,-0.05,21,20.46,16.81,344,Low,TRUE,23.7
300,AGAR MALWA,MADHYA PRADESH,47.69134775,33.83250139,40.76192457,Medium,Health-driven,98.9,75.8,72.3,58.9,,20.8,97.6,91.1,40.3,18.7,35.7,71.6,0.86,23.7,,-0.04,9,,,177,Medium,TRUE,23.7
695,JALPAIGURI,WEST BENGAL,59.44259567,49.52856351,54.48557959,Medium,Health-driven,95.8,87.9,73.2,35.8,73.79,62.9,97.4,91.1,28.9,18.3,25.4,67.4,0.88,23.68,13.96,-0.1,44,37.65,18.89,374,Medium,TRUE,23.68
65,SONITPUR,ASSAM,52.32945092,28.06433722,40.19689407,Medium,Health-driven,83.5,70.9,72.2,66.9,69.96,20.5,87,80.4,36.7,13.1,21.9,69.4,1.21,23.65,14.45,-0.38,57,5.67,12.07,893,Medium,TRUE,23.65
167,SABAR KANTHA,GUJARAT,32.86189684,68.30282862,50.58236273,Medium,Education-driven,89.4,88.5,61,49.3,76.6,100,100,98.6,37,33.1,41,81.1,1.01,23.65,22.16,-0.23,7,7.73,22.32,101,Medium,TRUE,23.65
456,KORAPUT,ODISHA,44.03078203,34.55352191,39.29215197,Medium,Health-driven,82.1,98,39.4,54.6,49.87,15.5,100,63.4,43.1,15.9,33.5,69.7,0.73,23.63,22.37,-0.26,39,14.25,50.56,416,Low,FALSE,23.63
328,MANDSAUR,MADHYA PRADESH,62.31281198,41.45867998,51.88574598,Medium,Health-driven,99.4,75.1,65.4,48.4,72.75,32.9,97.2,82.9,30.9,13.1,22.9,65.4,0.86,23.59,28.5,-0.09,6,18.58,2.47,273,Medium,TRUE,23.59
165,PORBANDAR,GUJARAT,62.5,59.87243483,61.18621742,Medium,Both equally,100,82.9,85.7,42.1,76.63,97.6,99.8,93.2,18.2,21.8,25.5,77.9,0.93,23.58,16.24,-0.11,4,8.85,2.23,9,High,FALSE,23.58
159,MAHISAGAR,GUJARAT,26.18552413,45.5906822,35.88810316,Medium,Education-driven,93,80,44.4,46,,99.9,100,92.7,43.4,26.2,49,85.9,1.71,23.43,,-0.45,8,,,28,Medium,TRUE,23.43
271,KODAGU,KARNATAKA,71.33943428,63.39434276,67.36688852,High,Health-driven,98.4,90.6,93.9,45.6,82.52,98,100,97.8,30.4,21.7,22.6,54.4,1.42,23.36,9.33,-0.35,0,13.27,10.47,53,High,TRUE,23.36
34,UPPER SUBANSIRI,ARUNACHAL PRADESH,51.58069884,28.48031059,40.03050471,Medium,Health-driven,77,68.5,80.9,21.5,63.96,20.2,93.4,90.9,36.8,12.2,19.2,60.4,1.45,23.29,6.85,0.09,10,0,93.86,98,Medium,TRUE,23.29
306,BETUL,MADHYA PRADESH,49.0640599,38.1031614,43.58361065,Medium,Health-driven,87.6,80.9,59.8,51.3,70.14,12.9,97.4,92.2,30.8,21.7,31.4,57.8,0.97,23.29,16.77,-0.22,24,10.11,42.34,319,Medium,TRUE,23.29
510,JAISALMER,RAJASTHAN,55.80282862,35.99556295,45.89919578,Medium,Health-driven,90,72,75.7,93.7,58.04,36.9,97.5,61.4,25.5,25,31.7,58.6,0.59,23.23,32.86,0.01,35,14.8,6.33,488,Medium,TRUE,23.23
574,MAHABUBNAGAR,TELANGANA,51.06073211,37.40987243,44.23530227,Medium,Health-driven,98.1,89.4,73.7,70.3,56.06,86.6,91.7,92.4,42.6,17.8,33,82.6,1.22,23.19,20.62,-0.18,97,17.49,8.99,1175,Medium,TRUE,23.19
351,AHMADNAGAR,MAHARASTRA,45.52828619,55.35219079,50.44023849,Medium,Education-driven,97.9,83.5,79.5,12,80.22,91.3,99.4,97.7,31.7,24.9,41.2,64.5,1.78,23.15,17.66,-0.47,25,12.63,8.33,389,Medium,TRUE,23.15
319,HARDA,MADHYA PRADESH,34.83777038,46.28397116,40.56087077,Medium,Education-driven,88.4,90.8,68.8,33.3,74.04,29.8,98.9,94.2,38.8,28,34.7,85.6,1.15,23.14,18.8,-0.57,-120,16.28,27.99,161,Medium,TRUE,23.14
274,MANDYA,KARNATAKA,82.73710483,56.87742651,69.80726567,High,Health-driven,99.5,93.9,86.7,39.9,70.14,100,100,97.3,24.3,11.8,16.7,58.2,1.7,23.06,16.04,-0.62,15,14.69,1.24,116,High,TRUE,23.06
386,YAVATMAL,MAHARASTRA,33.83943428,58.73544093,46.2874376,Medium,Education-driven,96.3,74.7,66.4,29,80.7,90,100,98.5,36.6,27.5,39.4,75.2,2.04,23.03,16.17,-0.41,21,11.85,18.54,283,Medium,TRUE,23.03
124,KORBA,CHHATTISGARH,49.68801997,48.16971714,48.92886855,Medium,Both equally,75.4,68.4,73.3,60.6,73.22,48.9,99.8,86.9,34.7,14.7,27.9,63.6,1.07,22.98,21.62,-0.33,15,10.33,40.9,407,Medium,TRUE,22.98
457,MALKANGIRI,ODISHA,35.33693844,26.89961176,31.1182751,Low,Health-driven,90.7,94.8,41.4,47,49.49,25.9,95.5,79.2,44.3,19.3,41.6,78.7,1.18,22.95,21.34,-0.42,243,22.55,57.83,192,Low,TRUE,22.95
278,SHIMOGA,KARNATAKA,59.27620632,53.88241819,56.57931226,Medium,Health-driven,99.7,96.1,85.4,26.5,80.5,96.7,100,90.2,29,23.2,34.4,68.9,1.79,22.94,11.22,-0.36,2,17.58,3.73,149,Medium,TRUE,22.94
447,GANJAM,ODISHA,72.81613977,45.75707155,59.28660566,Medium,Health-driven,93,88.5,72.9,51.9,71.88,41.3,100,94.4,23.9,10.2,18.9,61.3,1.94,22.91,20.01,-0.43,67,19.5,3.37,443,Medium,TRUE,22.91
67,TINSUKIA,ASSAM,43.718802,41.29229063,42.50554631,Medium,Both equally,82.6,75,66.7,60,70.92,30.3,98.8,85.2,32.8,21.5,32.2,66.4,0.99,22.89,14.35,-0.22,12,2.84,6.18,558,Medium,TRUE,22.89
179,GURGAON,HARYANA,61.14808652,76.5391015,68.84359401,High,Education-driven,96.7,58.7,84.5,34.6,84.44,98.5,100,98.7,22.1,15.7,22.2,67.7,0.44,22.89,12.63,-0.19,18,13.07,0,275,High,TRUE,22.89
385,WASHIM,MAHARASTRA,30.49084859,58.90183028,44.69633943,Medium,Education-driven,92.9,71.6,61.5,24.1,81.7,82.5,100,99,35.3,31.7,39.3,70.4,2.12,22.86,18.28,-0.62,20,19.17,6.72,106,Medium,TRUE,22.86
322,JABALPUR,MADHYA PRADESH,51.74708819,52.52357182,52.13533001,Medium,Both equally,94.7,,61.9,61.2,82.47,36.2,99.4,92.5,18,26.4,31.3,37.8,1.11,22.86,13.8,-0.04,-133,14.13,15.23,470,Medium,TRUE,22.86
366,LATUR,MAHARASTRA,47.71214642,57.09927898,52.4057127,Medium,Education-driven,94.7,79.2,72.5,33.6,79.03,84.5,99.7,98.8,43.2,18,33.9,59.5,1.74,22.85,17.4,-0.37,26,19.6,2.34,198,Medium,TRUE,22.85
320,HOSHANGABAD,MADHYA PRADESH,39.57986689,37.6317249,38.6057959,Medium,Both equally,91.8,73.5,68.5,28.6,76.52,23.3,99.5,80.4,34.8,19.5,27.2,78.8,1.6,22.8,18.16,-0.03,35,16.52,15.89,212,Medium,TRUE,22.8
302,ANUPPUR,MADHYA PRADESH,60.10815308,26.45590682,43.28202995,Medium,Health-driven,84.8,86.6,69.4,52.8,69.08,15.2,92.4,84.7,24,18.4,30.7,49.2,1.61,22.79,22.21,-0.32,122,9.93,47.85,252,Medium,TRUE,22.79
652,MAINPURI,UTTAR PRADESH,33.38186356,56.3505269,44.86619523,Medium,Education-driven,82.7,75,63.1,16.1,78.26,35.1,98.2,95.1,44.3,14.6,33.6,70.4,0.54,22.78,18.58,-0.11,20,19.71,0.03,700,Medium,TRUE,22.78
691,DAKSHIN DINAJPUR,WEST BENGAL,49.91680532,47.08818636,48.50249584,Medium,Both equally,91.4,92.6,79,28.3,73.86,61.9,98.5,69.9,31.9,22.8,30.2,72.5,0.78,22.71,11.82,-0.16,5,28.8,16.43,298,Medium,TRUE,22.71
9,KURNOOL,ANDHRA PRADESH,37.81198003,36.13422074,36.97310039,Medium,Both equally,88.5,67,73.5,73.3,61.13,89.8,89.5,93.6,50.5,16.7,46.3,70.8,1.71,22.65,20.55,-0.13,94,18.21,2.04,1070,Medium,TRUE,22.65
261,CHIKKABALLAPURA,KARNATAKA,64.22628952,50.58236273,57.40432612,Medium,Health-driven,99,76.6,84.9,26.1,70.08,97.2,100,90.1,31.3,16.1,25.2,59,1.45,22.65,16.81,-0.27,10,24.9,12.47,92,Medium,TRUE,22.65
350,VIDISHA,MADHYA PRADESH,51.2063228,31.86356073,41.53494176,Medium,Health-driven,90.6,78,65.2,48.2,72.08,17.5,95,86.9,36.5,16.6,34.4,52.3,1.46,22.59,19.73,-0.4,66,20.03,4.63,251,Medium,TRUE,22.59
62,NAGAON,ASSAM,37.04242928,38.85191348,37.94717138,Medium,Both equally,83.7,58.2,66.1,59.4,73.78,25.2,94.8,90.7,38.9,19.4,32.4,68.6,1.19,22.53,8.98,-0.48,109,9.43,4.08,1433,Medium,TRUE,22.53
317,GUNA,MADHYA PRADESH,55.32445923,38.71325568,47.01885746,Medium,Health-driven,98,78.8,55.6,43.1,65.1,19.6,91.4,92.8,31.9,10.1,25.1,75.1,0.64,22.53,24.07,-0.19,7,15.56,15.37,315,Medium,TRUE,22.53
111,BALRAMPUR,CHHATTISGARH,41.55574043,30.53244592,36.04409318,Medium,Health-driven,78.9,76.1,57.3,62.3,,17.9,100,83.7,35.1,23,38.8,50.1,1.42,22.51,,-0.23,19,,,278,Medium,TRUE,22.51
4,ANANTAPUR,ANDHRA PRADESH,53.84775374,42.12423738,47.98599556,Medium,Health-driven,94.7,81.8,71.3,73.2,64.28,93.8,85.4,95.4,36,19.3,40.6,55.8,1.28,22.5,19.78,-0.2,73,14.29,3.78,624,Medium,TRUE,22.5
495,BANSWARA,RAJASTHAN,41.16056572,24.2651137,32.71283971,Low,Health-driven,97.7,83,40.8,84.2,57.2,28.7,96.1,78.7,44.6,17.3,38.7,82.1,1.77,22.46,27.33,0.04,28,4.46,76.38,1076,Low,TRUE,22.46
311,CHHINDWARA,MADHYA PRADESH,56.75956739,39.96117582,48.3603716,Medium,Health-driven,92.2,65.3,77.1,48.5,72.21,18.4,99,96.4,23.9,18.1,32.8,50.5,1.77,22.46,17.42,-0.36,49,11.11,36.82,541,Medium,TRUE,22.46
120,JANJGIR - CHAMPA,CHHATTISGARH,49.93760399,57.26566833,53.60163616,Medium,Education-driven,86.2,85.5,78.8,74,73.7,85.2,100,96,32.5,24.6,30.2,74.1,1.26,22.45,23.87,-0.35,15,24.57,11.56,366,Medium,TRUE,22.45
515,KARAULI,RAJASTHAN,43.13643927,36.82750971,39.98197449,Medium,Health-driven,97.6,88.9,49.9,86.4,67.34,39.2,92.7,76.2,37.6,26.6,37.3,75.9,0.83,22.41,33.78,0.1,18,24.31,22.28,476,Medium,TRUE,22.41
382,SOLAPUR,MAHARASTRA,41.38935108,60.53799224,50.96367166,Medium,Education-driven,96.2,83.6,67.8,20.5,77.72,87.6,99.8,99.3,36.3,23.2,32.9,70.9,1.46,22.35,17.8,-0.44,26,15.05,1.8,390,Medium,TRUE,22.35
126,MAHASAMUND,CHHATTISGARH,59.85856905,56.21186911,58.03521908,Medium,Both equally,92.9,82.1,84.2,76.2,71.54,92.9,99.6,97.8,36.8,14,25.8,75.8,1.25,22.24,22.64,-0.28,23,13.52,27.1,176,Medium,TRUE,22.24
439,BALESHWAR,ODISHA,74.10565724,47.58735441,60.84650582,Medium,Health-driven,97.6,94.1,70.9,40.6,80.66,42.7,99.9,91.5,24.4,15,22.6,43.2,2.22,22.19,15.11,-0.53,54,20.62,11.88,503,Medium,TRUE,22.19
279,TUMKUR,KARNATAKA,67.65806988,57.23793677,62.44800333,Medium,Health-driven,100,97.7,86.1,31,74.32,98.1,100,91.1,40.3,10.9,26.7,67.6,1.2,22.19,15.6,-0.29,5,18.92,7.82,97,High,FALSE,22.19
687,UDHAM SINGH NAGAR,UTTARAKHAND,64.72545757,62.61785912,63.67165835,High,Both equally,85.1,83.2,70.9,59,74.44,91.1,99.1,95.2,26.8,12.4,22,60.8,0.5,22.17,16.75,-0.09,14,14.45,7.46,384,High,TRUE,22.17
365,KOLHAPUR,MAHARASTRA,47.35856905,62.47920133,54.91888519,Medium,Education-driven,99.2,67.2,82,16.5,82.9,90.7,100,98.2,33.6,18.9,34.7,66.4,1.57,22.14,17.15,-0.38,24,13.02,0.78,262,Medium,TRUE,22.14
144,ARAVALI,GUJARAT,24.00166389,60.84303938,42.42235164,Medium,Education-driven,92.2,77,56.3,43.9,,100,100,100,47.1,29,47.2,89.5,0.99,21.96,,-0.33,0,,,26,Medium,TRUE,21.96
379,SANGLI,MAHARASTRA,52.87021631,59.56738769,56.218802,Medium,Education-driven,98,75,84.7,12.3,82.62,75.9,100,99.8,35,18.6,27.2,62.7,2.98,21.88,15.74,-0.64,34,12.51,0.65,253,Medium,TRUE,21.88
272,KOLAR,KARNATAKA,74.6672213,63.20022185,68.93372158,High,Health-driven,99.6,86.3,89.2,33.9,74.33,97.4,100,94.5,31.1,15.5,15.7,57.9,0.87,21.84,15.38,-0.22,116,30.32,5.13,122,High,TRUE,21.84
680,DEHRADUN,UTTARAKHAND,74.93760399,61.2312812,68.0844426,High,Health-driven,91.7,76,83.9,67.3,85.24,91.2,99.1,82,20.9,10.1,19.1,59.5,0.49,21.77,10.71,-0.1,39,13.49,6.58,413,High,TRUE,21.77
314,DEWAS,MADHYA PRADESH,42.76206323,47.17138103,44.96672213,Medium,Both equally,92.2,87.1,69.6,35.1,70.53,30.1,99.9,91.7,36.8,20.4,30.7,79.4,1.07,21.76,23.83,-0.28,16,18.67,17.44,380,Medium,TRUE,21.76
373,OSMANABAD,MAHARASTRA,50.91514143,54.52024404,52.71769273,Medium,Both equally,98.1,89.3,71.2,14.8,76.33,80.2,100,98,37.2,16.1,32.5,67.4,2.53,21.74,18.64,-0.52,15,16,2.17,112,Medium,TRUE,21.74
523,SIROHI,RAJASTHAN,54.09733777,36.27287854,45.18510815,Medium,Health-driven,95.7,86.4,54.1,92,56.02,66.6,96.8,83.1,30.7,16.4,31.2,75.8,1.18,21.74,30.97,-0.37,70,19.48,28.22,339,Medium,TRUE,21.74
291,MALAPPURAM,KERALA,73.91846922,61.5640599,67.74126456,High,Health-driven,100,80.3,99.9,42.8,93.55,95.8,99.7,98.6,29.4,18.2,21.4,47.2,2.27,21.71,4.23,-0.47,21,7.5,0.56,157,High,TRUE,21.71
118,DURG,CHHATTISGARH,65.89018303,69.93899057,67.9145868,High,Both equally,96.7,82.7,89.5,67,79.69,98.8,99.6,99.7,38.9,16.9,27.7,57.1,0.9,21.7,18.29,-0.17,11,13.7,11.89,192,High,TRUE,21.7
338,SATNA,MADHYA PRADESH,28.95174709,43.3166944,36.13422074,Medium,Education-driven,85.5,76.3,55.4,22,73.79,23.3,99.2,90.2,49.4,16.8,31.2,81.8,1.18,21.67,19.98,-0.24,115,17.88,14.36,513,Medium,TRUE,21.67
57,KARIMGANJ,ASSAM,36.64725458,31.4198558,34.03355519,Low,Health-driven,76.4,75.1,61.5,64.4,79.72,11.5,59.7,72.9,29.1,48,52.9,64.1,1.17,21.53,12.21,-0.41,-218,12.85,0.16,868,Low,TRUE,21.53
40,BONGAIGAON,ASSAM,32.09234609,26.45590682,29.27412646,Low,Health-driven,84.5,67.9,72.5,57.6,70.44,19.7,92.9,79.8,46.2,20.2,35.3,77.2,1.83,21.47,10.3,-0.6,76,11.21,2.55,450,Medium,FALSE,21.47
277,RAMANAGARA,KARNATAKA,78.28618968,52.35718247,65.32168608,High,Health-driven,100,100,89.6,35.7,69.2,99.9,99.9,94.3,15.6,20,19.8,60.2,1.91,21.46,15.62,-0.41,2,18.83,2.12,75,High,TRUE,21.46
15,WEST GODAVARI,ANDHRA PRADESH,72.1921797,54.68663339,63.43940654,High,Health-driven,98.7,80,80.8,67.6,74.32,94.6,99.3,97.4,31.4,11.7,22.5,62.3,1.68,21.45,6.58,-0.27,30,20.62,2.77,448,High,TRUE,21.45
506,DUNGARPUR,RAJASTHAN,54.86688852,37.38214088,46.1245147,Medium,Health-driven,94.1,83.3,59.9,97.5,60.78,33.9,94.6,82.7,31.4,15.6,25.9,79.8,0.7,21.45,27.68,-0.15,32,3.76,70.83,788,Medium,TRUE,21.45
693,HAORA,WEST BENGAL,53.20299501,58.291736,55.7473655,Medium,Education-driven,95.5,87.8,72.9,20.1,83.85,88.7,98.8,89.8,27.5,21.3,27.3,67.7,0.93,21.44,7.96,-0.23,229,14.82,0.31,371,Medium,TRUE,21.44
155,JUNAGADH,GUJARAT,59.54658902,70.16084304,64.85371603,High,Education-driven,97.4,93.5,81.7,47.3,76.88,99.6,100,99.4,37.3,17.3,26.4,74.7,1.08,21.42,18.21,-0.34,-14,9.69,2.03,18,High,TRUE,21.42
576,MEDAK,TELANGANA,46.23544093,41.90238491,44.06891292,Medium,Both equally,98.9,69.3,78.2,61.2,62.53,88.4,86.4,95.1,36.4,21.3,42,70,1.2,21.34,20.01,-0.17,56,17.74,5.57,551,Medium,TRUE,21.34
700,NADIA,WEST BENGAL,64.20549085,55.8790904,60.04229063,Medium,Health-driven,97.7,89.9,78.4,23,75.58,74.4,100,91.6,26.1,17.6,25.1,63.6,1.19,21.33,8.23,-0.24,63,29.94,2.72,419,Medium,TRUE,21.33
463,RAYAGADA,ODISHA,36.93843594,31.53078203,34.23460899,Low,Health-driven,68.9,92.7,50.5,45.5,50.88,18.8,99.6,85.8,43.6,16.1,39.8,70.5,1.35,21.31,22.74,-0.29,24,14.41,55.99,347,Low,TRUE,21.31
7,GUNTUR,ANDHRA PRADESH,70.77787022,52.99500832,61.88643927,Medium,Health-driven,98.6,76.2,83.4,71.1,67.99,96,99.9,95,23.8,17.8,26.9,59.3,1.38,21.21,14.76,-0.26,46,19.59,5.06,536,Medium,TRUE,21.21
133,SURAJPUR,CHHATTISGARH,59.06821963,31.7526345,45.41042707,Medium,Health-driven,85.9,78.7,75.4,75.7,,25.8,99.9,88.8,27.6,19.3,32.3,51.1,1.75,21.11,,-0.32,57,,,173,Medium,TRUE,21.11
131,RAJNANDGAON,CHHATTISGARH,59.33860233,54.99168053,57.16514143,Medium,Both equally,95.5,91,79.2,80.8,76.97,87.8,99.9,90.8,27.6,19.4,31,80.5,1.32,21.11,20.21,-0.24,15,10.19,26.36,300,Medium,TRUE,21.11
458,MAYURBHANJ,ODISHA,34.67138103,41.09816972,37.88477537,Medium,Education-driven,91.7,84.4,54.4,46.5,63.98,24.2,100,95.2,36.7,28.5,45.9,71.7,1.69,21.1,21.74,-0.39,304,7.33,58.72,550,Low,FALSE,21.1
352,AKOLA,MAHARASTRA,39.99584027,55.13033833,47.5630893,Medium,Education-driven,97.7,69.5,69.5,40.1,87.55,87.9,98,98.2,31.8,29.4,30.8,77.5,3.11,21.08,10.98,-0.75,52,20.07,5.53,143,Medium,TRUE,21.08
334,RAJGARH,MADHYA PRADESH,37.33361065,33.8879645,35.61078758,Low,Both equally,91.7,71.9,47.8,27.1,62.68,25.8,96.3,90.9,27.6,22.4,26.8,77.5,1.34,21.05,25.31,-0.17,113,19.13,3.48,361,Low,TRUE,21.05
348,UJJAIN,MADHYA PRADESH,43.03244592,42.34608985,42.68926789,Medium,Both equally,97.1,93.7,72.8,35.7,73.55,34,94.8,89.3,34.7,29.8,36.2,81.6,1.1,21.03,23.8,-0.3,11,26.37,2.45,342,Medium,TRUE,21.03
190,PANIPAT,HARYANA,64.89184692,71.85246811,68.37215752,High,Education-driven,97.1,80.6,79.3,26.5,77.46,98.1,100,99.2,25.1,9.9,18.9,73.4,0.8,20.88,17.22,-0.21,20,17.11,0,171,High,TRUE,20.88
356,BID,MAHARASTRA,32.88269551,43.84359401,38.36314476,Medium,Education-driven,94,75.9,66.4,9.3,73.53,60.9,98.3,93.5,40.8,28.4,36.8,61,2.19,20.87,21.7,-0.6,120,13.59,1.27,188,Medium,TRUE,20.87
353,AMRAVATI,MAHARASTRA,45.36189684,64.80865225,55.08527454,Medium,Education-driven,91.3,92.5,75.7,31.9,88.23,88.5,100,99.3,29,26.2,38,74.4,1.89,20.76,9.18,-0.55,51,17.53,13.99,255,Medium,TRUE,20.76
313,DATIA,MADHYA PRADESH,43.94758735,47.47642818,45.71200776,Medium,Both equally,89.4,79.6,66.8,30.9,73.5,29.2,98.9,92.5,36.8,16.4,29.4,72.8,0.98,20.75,24.99,-0.21,67,25.46,1.91,181,Medium,TRUE,20.75
689,BANKURA,WEST BENGAL,42.45008319,49.91680532,46.18344426,Medium,Education-driven,93.3,85,49.2,43.4,70.95,83,100,90.9,30.3,26,38.8,67.1,1.61,20.74,20.56,-0.4,90,32.65,10.25,463,Medium,TRUE,20.74
138,DIU,DADRA AND NAGAR HAVELI & DAMAN AND DIU,68.53161398,80.39378813,74.46270105,High,Education-driven,95.7,92.9,89.7,64,83.36,100,100,100,33.9,17.4,28.5,62.8,0.59,20.72,15.41,-0.11,0,3.58,0.24,4,High,TRUE,20.72
61,MORIGAON,ASSAM,48.7312812,30.2828619,39.50707155,Medium,Health-driven,88.3,73.4,62.3,62.5,69.37,16.5,98.2,78.7,43.2,16.1,30.5,53.3,1.58,20.63,8.67,-0.55,30,12.31,14.29,462,Medium,TRUE,20.63
41,CACHAR,ASSAM,37.25041597,32.36272879,34.80657238,Low,Both equally,79.2,70.4,57.6,57.9,80.36,18.3,76.9,79.4,28.7,30.7,38.2,61.8,1.47,20.61,11.23,-0.46,130,15.25,1.01,791,Low,TRUE,20.61
255,BANGALORE RURAL,KARNATAKA,70.29950083,63.14475874,66.72212978,High,Health-driven,100,92.7,88.8,34.9,78.29,99.1,100,95.5,36.6,16.2,23.8,60.8,1.31,20.57,14.71,-0.38,2,21.57,5.34,61,High,TRUE,20.57
49,GOALPARA,ASSAM,46.13144759,27.70382696,36.91763727,Medium,Health-driven,92.3,70.3,75.3,71.1,68.67,16.6,90.3,84.6,38.9,24.3,35.4,60.7,1.51,20.54,8.14,-0.39,6,4.47,22.97,635,Medium,TRUE,20.54
335,RATLAM,MADHYA PRADESH,57.02995008,41.32002219,49.17498613,Medium,Health-driven,95.2,93,69.4,37.9,68.03,23.3,90,91.3,29,16.2,28.6,74,0.59,20.53,22.95,-0.19,92,13.65,28.17,367,Medium,TRUE,20.53
114,BIJAPUR,CHHATTISGARH,25.31198003,15.69606212,20.50402108,Low,Health-driven,63.6,78.4,30.6,73.5,,28.2,79.7,61.9,53.8,20,46.1,77.2,2.61,20.49,,-0.04,70,,,98,Low,TRUE,20.49
500,BIKANER,RAJASTHAN,51.39351082,43.67720466,47.53535774,Medium,Health-driven,90,75.6,79.8,87.4,65.92,54.6,99.7,79.1,22.8,25.6,28.5,82.4,1.06,20.49,23.13,-0.22,73,20.88,0.33,615,Medium,TRUE,20.49
461,NUAPADA,ODISHA,41.49334443,36.68885191,39.09109817,Medium,Both equally,89.8,97,58.4,45.3,58.2,18.6,100,94,43.1,18.1,38,73.5,1.78,20.47,26.34,-0.76,40,13.46,33.8,59,Medium,TRUE,20.47
340,SEONI,MADHYA PRADESH,51.70549085,30.25513034,40.98031059,Medium,Health-driven,94.8,88.8,56.2,44.6,73.01,13.9,87.2,86.6,23.5,21.1,31.1,71.8,1.49,20.46,17.66,-0.3,72,9.48,37.69,212,Medium,TRUE,20.46
342,SHAJAPUR,MADHYA PRADESH,54.3469218,45.86799778,50.10745979,Medium,Health-driven,98.1,90,74.5,34.3,70.17,32.1,95.8,89.8,27.8,23.4,27.6,76.1,0.67,20.44,26.84,-0.11,7,23.4,2.5,196,Medium,TRUE,20.44
130,RAIPUR,CHHATTISGARH,49.89600666,66.27842485,58.08721575,Medium,Education-driven,90.7,74.2,84,76.9,76.43,99.4,100,97.9,32.2,21.7,32.3,74.6,1.2,20.42,20.29,-0.21,34,17.82,11.72,230,Medium,TRUE,20.42
188,PALWAL,HARYANA,50.64475874,66.27842485,58.46159179,Medium,Education-driven,78.3,69,80.3,23.5,70.32,93.2,100,98.1,31,9.9,21,71.6,0.69,20.4,26.2,-0.2,31,19.48,0,167,Medium,TRUE,20.4
694,HUGLI,WEST BENGAL,56.19800333,60.92623405,58.56211869,Medium,Both equally,97,95.4,76.2,26.5,82.55,89.5,99.9,93.5,28.9,20,33.4,67.9,1.22,20.36,10.98,-0.38,121,24.35,4.15,214,Medium,TRUE,20.36
333,RAISEN,MADHYA PRADESH,49.08485857,45.70160843,47.3932335,Medium,Both equally,96,,69.6,41,74.26,25.5,96.1,95.6,30.4,21.1,25.4,61.1,1.17,20.34,17.41,-0.19,24,16.96,15.4,244,Medium,TRUE,20.34
369,NAGPUR,MAHARASTRA,55.67803661,66.7775929,61.22781475,Medium,Education-driven,100,89.4,88.9,25.6,89.52,96.3,100,99,27.6,34,33.9,70.5,1.79,20.33,8.69,-0.37,45,18.65,9.4,352,Medium,TRUE,20.33
330,NARSIMHAPUR,MADHYA PRADESH,51.37271215,42.01331115,46.69301165,Medium,Health-driven,91.4,82.7,77,49.4,76.79,23.3,99.4,80.3,32,19.6,28.1,73.4,1.27,20.27,17.56,-0.27,-4,16.87,13.36,192,Medium,TRUE,20.27
442,BHADRAK,ODISHA,54.49251248,49.25124792,51.8718802,Medium,Health-driven,96.1,83.7,62,44.9,72.51,52.7,100,94.8,32.3,15.8,28.9,68.7,2.06,20.16,29.48,-0.76,437,22.23,2.02,147,Medium,TRUE,20.16
339,SEHORE,MADHYA PRADESH,44.92512479,41.26455907,43.09484193,Medium,Both equally,94.7,60.3,75.2,33.2,71.11,31.1,92.5,75.8,21.9,20.3,27.6,82.4,0.59,20.13,23.54,-0.02,7,20.69,11.1,270,Medium,TRUE,20.13
47,DIBRUGARH,ASSAM,56.98835275,45.53521908,51.26178591,Medium,Health-driven,93.1,83.8,75.3,58.8,76.22,27,98.7,83.8,27.3,20.6,32,66.4,0.94,20.1,13.07,-0.2,63,4.44,7.76,525,Medium,TRUE,20.1
44,DARRANG,ASSAM,32.90349418,28.84082085,30.87215752,Low,Both equally,84.4,57.1,67.9,53.7,64.55,20.2,94.9,84.6,42,27,33.1,66.8,1.49,20,7.96,-0.43,58,4.34,0.91,446,Low,TRUE,20
18,CHANGLANG,ARUNACHAL PRADESH,54.80449251,37.27121464,46.03785358,Medium,Health-driven,75.1,70.9,82.3,40.5,61.9,53.9,95.3,75.1,26.3,16.3,25,65.3,0.97,20,18.72,0.22,10,0,36.35,68,Medium,TRUE,20
525,UDAIPUR,RAJASTHAN,60.12895175,36.27287854,48.20091514,Medium,Health-driven,96.1,86.8,60.3,94.3,62.74,40,95.2,67.4,34,8.6,26.6,76.9,0.9,19.92,26.81,-0.2,96,6.14,49.71,1385,Medium,TRUE,19.92
504,DAUSA,RAJASTHAN,51.49750416,41.0427066,46.27010538,Medium,Health-driven,98.2,92.1,59.4,91.2,69.17,43.1,97.2,82.5,37.7,20.7,33.5,74.4,1.13,19.9,32.21,-0.32,58,21.68,26.51,378,Medium,TRUE,19.9
437,ANUGUL,ODISHA,47.10898502,41.0427066,44.07584581,Medium,Health-driven,85.7,87,66.4,63.1,78.96,30.1,100,71.9,28.1,25.1,30.5,75.3,2.13,19.68,16.62,-0.22,23,18.81,14.1,110,Medium,TRUE,19.68
23,KURUNG KUMEY,ARUNACHAL PRADESH,50.95673877,18.5801442,34.76844149,Low,Health-driven,69.2,71.4,78.3,13.4,50.67,18,70.6,17.5,29.2,15.1,13.9,62.4,1.39,19.63,12.97,0.03,4,0,98.58,61,Low,TRUE,19.63
308,BHOPAL,MADHYA PRADESH,55.32445923,67.77592901,61.55019412,Medium,Education-driven,98.3,,79.6,50.7,82.26,65.6,99.4,95.7,19.9,20.6,29.1,68.5,0.28,19.6,10.83,-0.05,26,15.08,2.93,341,Medium,TRUE,19.6
440,BARGARH,ODISHA,60.08735441,35.10815308,47.59775374,Medium,Health-driven,99.6,95.9,61.9,45.5,,30,99,95.8,38.9,18,30,56.2,1.89,19.59,18.44,-0.41,379,,,174,Medium,TRUE,19.59
562,ADILABAD,TELANGANA,25.79034942,40.48807543,33.13921242,Low,Education-driven,94.1,69.3,50.8,63.6,61.55,85.1,86,87.9,45.7,29.5,52,76.3,0.96,19.57,19.23,-0.26,51,17.82,18.09,453,Medium,FALSE,19.57
16,Y.S.R.,ANDHRA PRADESH,72.15058236,43.6494731,57.90002773,Medium,Health-driven,99.4,83,85.4,73.3,67.88,92.6,94.4,94.6,34.4,14.1,26.7,60.6,1.75,19.55,21.15,-0.27,59,16.16,2.63,262,Medium,TRUE,19.55
581,NIZAMABAD,TELANGANA,51.91347754,41.93011647,46.921797,Medium,Health-driven,97.3,86.1,72.5,52.3,62.25,89,92.2,93.9,30.5,26.2,38.4,65.3,1.36,19.55,20.33,-0.28,40,14.54,7.56,361,Medium,TRUE,19.55
396,EAST GARO HILLS,MEGHALAYA,53.93094842,26.42817526,40.17956184,Medium,Health-driven,73.8,72.4,83.9,71.9,75.51,14.4,65.3,50.6,39.7,20.1,26.5,28,1.56,19.47,8.24,-0.58,-14,0.16,95.99,146,Medium,TRUE,19.47
269,HASSAN,KARNATAKA,76.16472546,65.89018303,71.02745424,High,Health-driven,100,96.8,87.9,36.9,75.89,99.8,100,99,27.1,15.2,23.8,63.6,1.51,19.47,15.25,-0.56,6,19.42,1.82,89,High,TRUE,19.47
296,WAYANAD,KERALA,79.26372712,49.63948974,64.45160843,High,Health-driven,100,86.4,97.6,64.8,89.32,78.2,99.3,86.8,31.3,16.1,22.5,39.4,3.38,19.42,6.9,-0.58,0,3.99,18.53,21,High,TRUE,19.42
5,CHITTOOR,ANDHRA PRADESH,64.72545757,51.08153078,57.90349418,Medium,Health-driven,97.1,66.6,74.6,70.7,72.36,97.3,98.4,94.4,27.1,14.8,27.9,54.9,1.64,19.42,17.5,-0.44,50,18.83,3.81,652,Medium,TRUE,19.42
441,BAUDH,ODISHA,48.21131448,49.00166389,48.60648918,Medium,Both equally,93.4,91.8,52.9,44.7,83.25,35.5,100,87.8,37,20.1,38.6,56.2,2.11,19.4,8,-0.53,3,23.79,12.55,20,Medium,TRUE,19.4
178,FATEHABAD,HARYANA,72.1921797,66.61120355,69.40169163,High,Health-driven,97.9,90.7,87.3,29.4,69.13,99.7,100,98.2,24.6,16,26.6,59.3,0.9,19.33,18.81,-0.19,34,30.19,0,163,High,TRUE,19.33
304,BALAGHAT,MADHYA PRADESH,49.56322795,45.81253466,47.68788131,Medium,Both equally,95.1,75.8,79.6,68.4,78.29,17.9,100,91.8,41.9,20.5,44.9,56.8,1.77,19.31,17.39,-0.42,16,7.37,22.51,201,Medium,TRUE,19.31
112,BASTAR,CHHATTISGARH,21.65141431,34.41486412,28.03313921,Low,Education-driven,63.5,57.3,61,69.3,54.94,33.1,99.7,84.9,48.1,20.4,45.2,80.7,1.71,19.31,21.21,-0.41,8,2.69,65.93,278,Low,TRUE,19.31
8,KRISHNA,ANDHRA PRADESH,73.93926789,55.79589573,64.86758181,High,Health-driven,98.9,90,79.1,68.1,74.37,92.6,99.2,96.7,29.8,14.3,21.1,65.7,1.52,19.31,9.51,-0.35,29,19.28,2.93,462,High,TRUE,19.31
512,JHALAWAR,RAJASTHAN,46.40183028,38.1031614,42.25249584,Medium,Health-driven,98.3,81.5,62.1,93.6,62.13,44.2,96.4,69.3,34,29,38.1,73.1,0.88,19.31,29.41,-0.62,28,17.26,12.91,341,Medium,TRUE,19.31
498,BHARATPUR,RAJASTHAN,45.67387687,42.01331115,43.84359401,Medium,Both equally,92.1,64.1,62.7,84.8,71.16,58.3,91.9,77.5,40.3,12.2,29.1,75.7,0.93,19.25,31.07,-0.17,75,21.87,2.12,533,Medium,TRUE,19.25
517,NAGAUR,RAJASTHAN,66.30615641,43.67720466,54.99168053,Medium,Health-driven,97,80.6,79,90,64.08,52.2,99,77.3,31.5,16.2,26.2,65.1,0.87,19.17,30.27,-0.27,180,21.16,0.32,667,Medium,TRUE,19.17
514,JODHPUR,RAJASTHAN,63.7063228,45.17470882,54.44051581,Medium,Health-driven,90,81.2,75.4,87.5,67.09,52.8,98.4,77,32.6,13.3,25.4,64.4,0.79,19.14,27.89,-0.24,115,16.49,3.23,986,Medium,TRUE,19.14
641,KANPUR DEHAT,UTTAR PRADESH,33.90183028,51.96894065,42.93538547,Medium,Education-driven,84.3,56.3,70.6,17.9,77.52,30.2,99.9,95.6,44.1,12.5,32.8,69.2,1.49,19.1,16.79,-0.48,7,25.64,0.05,317,Medium,TRUE,19.1
193,SIRSA,HARYANA,59.21381032,63.20022185,61.20701608,Medium,Both equally,99.3,,81.9,26.6,70.35,98.7,99.9,98.5,25,12.6,23.4,70.1,1.17,19.04,17.48,-0.3,35,29.91,0,218,Medium,TRUE,19.04
499,BHILWARA,RAJASTHAN,66.59733777,39.40654465,53.00194121,Medium,Health-driven,95,83.2,62.3,89.1,62.71,54.2,97.8,80.4,22.6,17.4,23.5,62.7,1.17,19.01,29.23,-0.37,141,16.94,9.52,597,Medium,TRUE,19.01
10,PRAKASAM,ANDHRA PRADESH,68.05324459,46.22850804,57.14087632,Medium,Health-driven,97.4,51.9,78.4,67.6,63.53,93.6,98.3,96.2,22.6,8.7,24.7,62.6,1.88,18.97,20.14,-0.33,51,23.19,4.45,437,Medium,TRUE,18.97
399,NORTH GARO HILLS,MEGHALAYA,60.27454243,28.50804215,44.39129229,Medium,Health-driven,61.5,47.5,84.9,60.8,,15.7,72,72.8,35.6,11.7,15.8,30.2,0.56,18.94,,-0.22,-4,,,123,Medium,TRUE,18.94
195,YAMUNANAGAR,HARYANA,60.52412646,68.718802,64.62146423,High,Education-driven,94.8,82.9,83.5,20.6,78.93,97.8,100,96.8,27.7,12.1,23.1,72.9,0.94,18.92,13.07,-0.28,5,25.26,0,196,High,TRUE,18.92
281,UTTARA KANNADA,KARNATAKA,61.35607321,57.09927898,59.2276761,Medium,Both equally,99.3,93.6,89.6,32,84.03,99.8,100,87.1,29.6,21.9,33.3,69,2.75,18.88,11.51,-0.64,5,8.1,2.38,37,Medium,TRUE,18.88
361,GONDIYA,MAHARASTRA,44.55074875,62.00776484,53.27925679,Medium,Education-driven,99.1,88.2,74.3,30.6,85.41,86.1,99.9,99.1,36.9,23.7,35.6,78,2.52,18.88,16.24,-0.72,10,13.31,16.2,58,Medium,TRUE,18.88
189,PANCHKULA,HARYANA,73.16971714,66.00110926,69.5854132,High,Health-driven,97,85.1,82.6,19.9,83.44,93.7,100,92.2,21.8,12,19.3,53.1,0.98,18.8,11.17,-0.11,3,18.14,0,144,High,TRUE,18.8
358,CHANDRAPUR,MAHARASTRA,42.5124792,61.95230172,52.23239046,Medium,Education-driven,99.6,95,77.3,28.9,81.35,91.8,100,99,37.3,38.5,46.6,76.6,2.54,18.79,15.08,-0.55,24,15.8,17.67,138,Medium,TRUE,18.79
380,SATARA,MAHARASTRA,53.88935108,61.5640599,57.72670549,Medium,Education-driven,97.1,82.8,78.7,11.4,84.2,89.6,100,97,20.2,20.5,28,68.9,2.06,18.75,15.8,-0.47,12,10.76,0.99,175,Medium,TRUE,18.75
453,KENDRAPARA,ODISHA,67.67886855,48.44703272,58.06295064,Medium,Health-driven,96.7,82.8,57.3,50,85.93,36.3,99.8,84.9,28.6,7.9,17.9,61.5,1.98,18.74,12.94,-0.62,336,21.51,0.66,231,Medium,TRUE,18.74
12,SRIKAKULAM,ANDHRA PRADESH,70.75707155,43.9822518,57.36966167,Medium,Health-driven,97.9,82.8,71.6,75.6,62.3,95.9,92.1,92.8,19.7,19.5,21.4,59.6,1.26,18.73,19.69,-0.17,49,9.46,6.15,285,Medium,TRUE,18.73
355,BHANDARA,MAHARASTRA,51.45590682,62.20188575,56.82889628,Medium,Education-driven,100,87,81.8,30,85.14,97.7,99.6,99.3,31.3,28.4,33.9,72.8,3.26,18.72,16.15,-0.59,14,16.69,7.41,66,Medium,TRUE,18.72
38,BARPETA,ASSAM,46.98419301,26.89961176,36.94190238,Medium,Health-driven,87.6,54.6,63.7,58.9,65.03,19.7,95.4,64.5,29.8,19.5,26.2,63.5,1.52,18.72,11.68,-0.46,40,5.63,1.62,929,Medium,TRUE,18.72
494,ALWAR,RAJASTHAN,53.84775374,44.23183583,49.03979479,Medium,Health-driven,91.3,59.4,66,80.8,71.68,58.3,85.5,80.3,33.9,15.6,24,63.2,0.76,18.71,28.3,-0.17,63,17.77,7.87,796,Medium,TRUE,18.71
570,KARIMNAGAR,TELANGANA,61.00249584,51.66389351,56.33319468,Medium,Health-driven,98.4,73.4,78.8,58.6,64.87,93,98.6,96,30.3,13.9,27.5,70.8,1.22,18.66,19.54,-0.29,49,18.8,2.83,518,Medium,TRUE,18.66
503,CHURU,RAJASTHAN,57.07154742,53.32778702,55.19966722,Medium,Both equally,87.8,74.3,80.2,81.9,67.46,75.5,99.6,83.2,27.1,16.5,23.4,78.1,0.61,18.63,25.7,-0.09,50,22.15,0.55,453,Medium,TRUE,18.63
477,FIROZPUR,PUNJAB,57.25873544,59.12368275,58.1912091,Medium,Both equally,95.5,74.5,84.8,21,69.85,99.7,100,99.7,30,12.9,22,73.4,3.38,18.6,14.46,-0.31,7,42.17,0,280,Medium,TRUE,18.6
520,RAJSAMAND,RAJASTHAN,54.32612313,43.59400998,48.96006656,Medium,Health-driven,95.1,71.7,72.1,93.2,63.93,62.5,99.8,82.5,30.3,16.6,23.7,84.3,1.31,18.58,31.08,-0.2,41,12.81,13.9,302,Medium,TRUE,18.58
704,PURBA MEDINIPUR,WEST BENGAL,55.17886855,49.52856351,52.35371603,Medium,Health-driven,91.5,88.4,69.8,21.5,87.66,71.8,97.7,78.5,25.8,15.5,30.6,67.5,1.53,18.56,11.33,-0.48,41,14.63,0.55,282,Medium,TRUE,18.56
6,EAST GODAVARI,ANDHRA PRADESH,64.05990017,56.87742651,60.46866334,Medium,Health-driven,96.6,59,77.7,66.4,71.35,95.4,98.6,95.9,23.1,14.3,22.4,66.8,1.16,18.49,7.09,-0.22,60,18.34,4.14,512,Medium,TRUE,18.49
109,BALOD,CHHATTISGARH,63.41514143,48.89073766,56.15293955,Medium,Health-driven,97.4,85.2,83.8,79.5,,98.3,99.9,97.6,33.6,15.1,36,68.3,2.07,18.44,,-0.53,6,,,75,Medium,TRUE,18.44
446,GAJAPATI,ODISHA,43.49001664,39.48973932,41.48987798,Medium,Both equally,76.4,92.6,58.3,39.6,54.29,20.3,100,90.3,43.4,16.1,34.3,64.4,1.29,18.43,21.99,-0.46,-28,6.78,54.29,105,Medium,TRUE,18.43
455,KHORDHA,ODISHA,75.99833611,56.62784248,66.3130893,High,Health-driven,97.8,87.9,73.2,43.2,87.51,47.4,99.4,93,17.1,13.2,16.9,56.1,1.46,18.36,10.49,-0.37,6,13.21,5.11,128,High,TRUE,18.36
140,SOUTH GOA,GOA,66.9093178,69.57848031,68.24389906,High,Both equally,100,,88.2,67.7,85.53,99.7,100,97.6,28.3,21.4,21,50,1.48,18.34,12.14,-0.53,0,1.22,14.47,36,High,TRUE,18.34
703,PASCHIM MEDINIPUR,WEST BENGAL,33.94342762,57.62617859,45.78480311,Medium,Education-driven,87.6,76.9,58.3,25.8,79.04,83.7,98.3,96.7,31.1,30.3,40,66,1.38,18.34,15.55,-0.38,179,19.08,14.88,515,Medium,TRUE,18.34
561,VIRUDHUNAGAR,TAMIL NADU,62.5,67.72046589,65.11023295,High,Education-driven,97.8,76.7,59.8,51.3,80.75,98.8,99.9,98.5,29.2,14.4,23.7,58.9,1.37,18.33,15.32,-0.48,38,20.59,0.12,352,High,TRUE,18.33
556,TIRUNELVELI,TAMIL NADU,80.15806988,66.88851913,73.52329451,High,Health-driven,100,93.3,79.8,61.3,82.92,93.4,100,98.9,29.4,12,22.7,49.9,1.57,18.27,13.28,-0.4,99,18.51,0.33,446,High,TRUE,18.27
496,BARAN,RAJASTHAN,47.73294509,35.60732113,41.67013311,Medium,Health-driven,97.3,89.3,59,89.5,67.38,42.1,87.3,66.6,46,21.3,40.2,65.1,1.08,18.24,28.75,-0.36,40,18.09,22.64,308,Medium,TRUE,18.24
579,NALGONDA,TELANGANA,51.6014975,43.15030505,47.37590128,Medium,Health-driven,98.3,78.3,76.4,64.8,65.05,85.4,93.4,96.1,31.7,29.8,28,74.5,1.8,18.2,19.89,-0.17,84,18.27,11.3,414,Medium,TRUE,18.2
384,WARDHA,MAHARASTRA,55.13727121,67.38768719,61.2624792,Medium,Education-driven,98.8,92.4,80.2,27.1,87.22,99.1,100,99.4,27.7,28.1,31.3,71.4,3.17,18.18,10.38,-0.97,4,14.52,11.49,75,Medium,TRUE,18.18
125,KORIYA,CHHATTISGARH,56.23960067,48.0587909,52.14919578,Medium,Health-driven,80.8,87.1,73.3,62.8,71.41,60.9,99.9,89.7,32.1,18.1,31.8,56.3,1.72,18.16,20.51,-0.34,7,8.31,46.18,138,Medium,TRUE,18.16
493,AJMER,RAJASTHAN,61.16888519,54.18746534,57.67817526,Medium,Health-driven,95.1,78.9,77.5,88.7,70.46,74.2,100,82.9,22.3,20,23.1,76.3,0.92,18.11,27.51,-0.19,160,18.51,2.46,397,Medium,TRUE,18.11
50,GOLAGHAT,ASSAM,52.93261231,40.84858569,46.890599,Medium,Health-driven,90.4,72.4,73.1,69.3,78.31,25.1,97.2,67.9,26.3,19.2,25.5,75.1,1.19,18.05,12.02,-0.45,-18,5.84,10.48,357,Medium,TRUE,18.05
537,KANCHEEPURAM,TAMIL NADU,67.45008319,72.85080422,70.1504437,High,Education-driven,100,69.1,75.9,59.7,85.29,99.3,99.6,98.7,20.6,15.7,19.8,68.8,1.05,17.99,10.17,-0.29,14,23.71,1.03,279,High,TRUE,17.99
483,MANSA,PUNJAB,50.10399334,59.31780366,54.7108985,Medium,Education-driven,88.8,79.1,85.4,18.4,62.78,100,100,100,36.6,12.1,22.7,78.2,2.15,17.96,11.99,-0.67,5,33.63,0,139,Medium,TRUE,17.96
518,PALI,RAJASTHAN,60.60732113,44.59234609,52.59983361,Medium,Health-driven,98.8,90.2,81.8,96.2,63.23,71.6,99.3,81,35.9,18.3,35.9,72.6,1.15,17.95,29.81,-0.2,76,19.54,7.1,333,Medium,TRUE,17.95
535,DINDIGUL,TAMIL NADU,65.09983361,60.7598447,62.92983916,Medium,Both equally,97,92.6,61,71.9,76.85,98.5,99.8,97.3,27.1,21.1,28.4,50.2,1.86,17.94,16.09,-0.55,3,20.95,0.37,289,Medium,TRUE,17.94
331,NEEMUCH,MADHYA PRADESH,56.11480865,50.38824182,53.25152524,Medium,Health-driven,97.5,88.7,68.9,43.3,71.81,34.5,98.9,94.2,33,13.1,27.7,77.2,1.12,17.88,28.65,-0.15,20,13.46,8.65,83,Medium,TRUE,17.88
542,NAGAPATTINAM,TAMIL NADU,73.02412646,65.72379368,69.37396007,High,Health-driven,99.7,93.8,69.6,70.9,84.09,98.4,100,98.2,32.3,12.5,24.3,60.9,2.06,17.86,12.38,-0.67,12,31.54,0.23,174,High,TRUE,17.86
11,SRI POTTI SRIRAMULU NELLO,ANDHRA PRADESH,59.6921797,50.49916805,55.09567388,Medium,Health-driven,97,65.3,81.8,72.3,69.15,94.2,93.4,95.2,29.2,17.2,27.8,67.5,1.21,17.84,13.63,-0.35,38,22.49,9.65,372,Medium,TRUE,17.84
533,CUDDALORE,TAMIL NADU,70.75707155,69.07931226,69.9181919,High,Both equally,99.2,79,61.3,64.4,79.04,99.5,100,98.2,20.2,13.9,18,64.8,1.31,17.82,15.64,-0.42,21,29.32,0.6,259,High,TRUE,17.82
292,PALAKKAD,KERALA,62.60399334,60.59345535,61.59872435,Medium,Both equally,100,51.8,99,53.8,88.49,93.9,99.7,95.8,29.7,21.7,27.7,51.9,2.45,17.79,7.28,-0.33,45,14.37,1.74,69,Medium,TRUE,17.79
508,HANUMANGARH,RAJASTHAN,63.7687188,50.85967831,57.31419856,Medium,Health-driven,94.9,83.3,83.8,89,68.37,83.1,99.7,89.3,24.2,19.8,21.3,81,1.2,17.75,21.91,-0.31,16,27.85,0.81,259,High,FALSE,17.75
402,SOUTH WEST GARO HILLS,MEGHALAYA,60.19134775,26.09539656,43.14337216,Medium,Health-driven,83.7,85.4,71.4,75.1,,12.4,64.5,46.8,32.2,19.9,26.4,35.5,0.71,17.74,,-0.21,-8,,,114,Medium,TRUE,17.74
464,SAMBALPUR,ODISHA,50.79034942,41.76372712,46.27703827,Medium,Health-driven,99.5,98,62.4,49.3,,32.7,100,94,40.7,25.5,36.3,64.5,1.55,17.73,16.7,-0.35,342,,,96,Medium,TRUE,17.73
560,VILUPPURAM,TAMIL NADU,68.40682196,64.53133666,66.46907931,High,Both equally,99.1,88.5,53.8,77.6,72.08,99.2,100,99.9,23.9,12.4,20.5,73.4,1.73,17.71,17.07,-0.38,26,29.37,2.16,493,High,TRUE,17.71
476,FAZILKA,PUNJAB,51.70549085,55.37992235,53.5427066,Medium,Both equally,91.7,60.5,81.8,20.6,,100,100,99.9,35.9,9.5,20.2,70,2.46,17.7,,-0.15,8,,,228,Medium,TRUE,17.7
404,WEST GARO HILLS,MEGHALAYA,65.59900166,33.00055463,49.29977815,Medium,Health-driven,89.6,77.1,86.3,77.9,68.38,14.8,62.3,44.5,39.5,14.9,26.3,30.2,0.63,17.69,9.97,-0.21,-83,1.37,73.69,333,Medium,TRUE,17.69
554,THOOTHUKKUDI,TAMIL NADU,78.78535774,64.19855796,71.49195785,High,Health-driven,100,100,79.4,57.8,86.52,95.6,100,97.5,20.3,18.4,21,55.6,2.34,17.63,9.65,-0.46,13,19.88,0.28,217,High,TRUE,17.63
117,DHAMTARI,CHHATTISGARH,65.34941764,52.99500832,59.17221298,Medium,Health-driven,94.3,80.6,89.8,86.8,78.95,97.3,99.7,91.7,30.5,17.9,28.9,67.3,3.77,17.61,19.6,-0.9,19,7.33,25.96,45,Medium,TRUE,17.61
452,KANDHAMAL,ODISHA,51.76788686,34.55352191,43.16070438,Medium,Health-driven,93.9,96.8,52.4,54.5,65.12,17.4,100,81.7,34.2,23.3,35.2,55.3,1.98,17.58,25.95,-0.44,25,15.76,53.58,127,Medium,TRUE,17.58
262,CHIKMAGALUR,KARNATAKA,68.84359401,61.59179146,65.21769273,High,Health-driven,98.4,91,92.3,30,79.24,99.1,100,92.6,27.3,24.9,25.4,53.2,1.63,17.52,12.78,-0.53,2,22.29,3.95,51,High,TRUE,17.52
184,KARNAL,HARYANA,65.9109817,71.63061564,68.77079867,High,Education-driven,99,88.9,83.5,24.6,76.44,96.7,99.9,98.4,29.2,9.8,20.5,78.3,0.78,17.51,15.44,-0.07,21,22.56,0,199,High,TRUE,17.51
14,VIZIANAGARAM,ANDHRA PRADESH,53.57737105,42.29062673,47.93399889,Medium,Health-driven,99,76.8,61.7,76.7,59.49,88.5,91.3,90.3,36.4,19.2,32.2,66.7,1.17,17.49,18.88,-0.29,38,10.57,10.05,229,Medium,TRUE,17.49
549,THANJAVUR,TAMIL NADU,78.24459235,72.01885746,75.1317249,High,Health-driven,100,78.5,79.6,70.6,82.72,98.9,100,98.8,19.6,8.3,21.9,64.8,1.26,17.43,12.45,-0.39,12,18.91,0.15,277,High,TRUE,17.43
183,KAITHAL,HARYANA,58.83943428,60.87077094,59.85510261,Medium,Both equally,98.2,74.3,89.7,29.1,70.56,96.6,99.2,98.8,29.9,20.7,29.9,61.4,1.25,17.39,18.64,-0.18,29,23.04,0,141,Medium,TRUE,17.39
134,SURGUJA,CHHATTISGARH,61.31447587,41.8469218,51.58069884,Medium,Health-driven,85.3,84.6,75.8,65.1,61.16,44.1,99.9,90,29.4,17.5,30.6,51.4,1.8,17.33,20.35,-0.15,17,4.9,55.11,122,Medium,TRUE,17.33
546,RAMANATHAPURAM,TAMIL NADU,75.99833611,65.22462562,70.61148087,High,Health-driven,99.6,90.4,78.6,69.7,81.48,98,99.9,96.7,26.4,17.7,21.6,57.2,1.48,17.3,12.96,-0.21,2,18.4,0.08,177,High,TRUE,17.3
460,NAYAGARH,ODISHA,78.7437604,41.65280089,60.19828064,Medium,Health-driven,98.3,96.1,67.1,49.3,79.17,37.9,94.8,89.4,20,10.5,20.2,55.2,2.25,17.25,15.55,-0.72,82,14.17,6.1,35,Medium,TRUE,17.25
398,EAST KHASI HILLS,MEGHALAYA,50.51996672,50.83194676,50.67595674,Medium,Both equally,63.4,49.1,80.9,47.1,84.7,38.6,71.8,82.9,44.6,11.2,23.8,39,0.69,17.25,1.11,-0.13,-26,0.68,80.05,334,Medium,TRUE,17.25
182,JIND,HARYANA,68.718802,68.88519135,68.80199667,High,Both equally,98.7,77.5,88.5,23.7,72.73,98.4,100,97.1,25.5,8.8,22.9,68.9,0.85,17.2,20.91,-0.2,53,21.16,0,111,High,TRUE,17.2
406,WEST KHASI HILLS,MEGHALAYA,50,38.65779257,44.32889628,Medium,Health-driven,41.7,62.5,87.8,60.1,79.3,17.6,64.8,38.6,59,8,31.1,56.2,0.78,17.19,1.99,-0.22,7,0.04,97.82,243,Medium,TRUE,17.19
192,ROHTAK,HARYANA,61.52246256,80.64337216,71.08291736,High,Education-driven,97.4,77.4,90,24.8,80.37,100,100,99.9,28.9,12.5,22.1,76.2,0.72,17.11,17.23,-0.09,23,20.44,0,196,High,TRUE,17.11
541,MADURAI,TAMIL NADU,78.28618968,68.91292291,73.5995563,High,Health-driven,100,88.8,80.1,66.3,81.66,98.5,100,98.3,32.4,9.5,21.5,54.3,1.46,17.1,9.81,-0.21,14,13.46,0.37,266,High,TRUE,17.1
445,DHENKANAL,ODISHA,52.2046589,51.02606767,51.61536328,Medium,Both equally,94.8,88.6,58.2,55.2,79.41,29.6,100,94.7,33.3,22.7,30,62,2.34,17.09,15.68,-1.01,33,19.62,13.59,63,Medium,TRUE,17.09
553,THIRUVARUR,TAMIL NADU,79.61730449,67.60953966,73.61342207,High,Health-driven,100,97.1,71,75.2,83.26,99,99.9,99.6,19.8,18.4,21.5,45,2.15,17.09,12.63,-0.71,6,34.09,0.24,92,High,TRUE,17.09
443,CUTTACK,ODISHA,70.77787022,59.67831392,65.22809207,High,Health-driven,98.9,90.4,60.2,42.3,84.2,40.5,100,96.5,20.4,14.2,18.9,63.8,1.74,17.04,12.87,-0.55,-87,19,3.57,228,Medium,FALSE,17.04
571,KHAMMAM,TELANGANA,69.13477537,43.78813089,56.46145313,Medium,Health-driven,97.9,86.6,84.5,60.4,65.46,92.1,97.4,92.5,22.2,24.7,26.2,60.5,2.11,17.02,15.35,-0.21,79,16.55,27.37,215,Medium,TRUE,17.02
521,SAWAI MADHOPUR,RAJASTHAN,52.39184692,40.18302829,46.2874376,Medium,Health-driven,97.4,54.9,71.2,80.5,66.19,62,96.6,79.5,26.9,22,24.2,73.3,1.35,17.02,34.92,0.18,44,20.87,21.4,180,Medium,TRUE,17.02
43,CHIRANG,ASSAM,37.95757072,30.44925125,34.20341098,Low,Health-driven,83.7,71.1,77.1,61.5,64.71,16.3,90,85.7,42.7,19.5,39.7,70.4,1.33,16.99,13.48,-0.39,12,7.29,37.06,140,Medium,FALSE,16.99
108,CHANDIGARH,CHANDIGARH,75,71.49195785,73.24597892,High,Both equally,96.9,80.9,85,32.2,86.43,100,100,100,25.3,8.4,20.6,54.6,2.48,16.96,9.16,-0.67,2,18.86,0,0,High,TRUE,16.96
462,PURI,ODISHA,83.48585691,54.93621742,69.21103716,High,Health-driven,97.7,95.8,67.3,61.5,85.37,35,100,92.8,13.8,8.9,11.3,51,1.98,16.92,13.17,-0.56,28,19.14,0.36,108,High,TRUE,16.92
547,SALEM,TAMIL NADU,75.51996672,65.61286744,70.56641708,High,Health-driven,100,77,64.5,67.5,73.23,99.5,100,98,23.6,10.1,20.8,51.3,1.4,16.92,15.27,-0.31,28,16.67,3.43,386,High,TRUE,16.92
58,KOKRAJHAR,ASSAM,34.10981697,30.67110372,32.39046034,Low,Both equally,81.9,51.1,72.2,50.2,66.63,10.9,73.2,85.2,34.6,20.5,35.2,74.7,1.2,16.92,13.9,-0.36,41,3.33,31.41,416,Low,TRUE,16.92
509,JAIPUR,RAJASTHAN,73.08652246,57.29339989,65.18996118,High,Health-driven,97.3,89.3,79.6,81.5,76.44,67.9,98.1,87,25,14.6,20.8,71.3,0.74,16.92,22.64,-0.09,154,15.14,7.97,972,High,TRUE,16.92
132,SUKMA,CHHATTISGARH,27.82861897,21.46422629,24.64642263,Low,Health-driven,81.2,73.3,35.5,78.1,,22.9,92.2,71.2,41.8,21.2,37.4,91.4,2.04,16.89,,0.07,-13,,,76,Low,TRUE,16.89
121,JASHPUR,CHHATTISGARH,60.23294509,36.32834165,48.28064337,Medium,Health-driven,85.6,94.2,72.8,80.6,68.6,20.9,99.9,82.8,35.8,17,33.6,54.1,2.25,16.84,19.19,-0.21,1,5.74,62.28,128,Medium,TRUE,16.84
558,TIRUVANNAMALAI,TAMIL NADU,69.55074875,66.22296173,67.88685524,High,Both equally,99.1,97.1,61.7,69.6,74.72,99.9,100,98.4,30.6,14.8,25,64.7,1.72,16.84,18.02,-0.67,20,22.94,3.69,473,High,TRUE,16.84
531,CHENNAI,TAMIL NADU,81.86356073,78.70216306,80.2828619,High,Both equally,100,96.6,90.4,58.2,90.33,99.9,99.8,99.7,20.4,18.3,21.9,55.3,1.03,16.82,6.31,-0.33,30,16.78,0.22,209,High,TRUE,16.82
484,MOGA,PUNJAB,67.30449251,63.81031614,65.55740433,High,Both equally,93,80.6,87.8,23.7,71.59,100,100,100,22,12,16.8,70.3,2.73,16.79,7.89,-0.27,15,36.5,0,169,High,TRUE,16.79
471,AMRITSAR,PUNJAB,63.83111481,66.86078758,65.34595119,High,Both equally,95.9,65.8,86,26.2,77.2,100,100,97.9,19.4,11.9,11.2,73.6,1.75,16.79,8.45,-0.16,34,30.95,0,305,High,TRUE,16.79
473,BATHINDA,PUNJAB,57.40432612,61.95230172,59.67831392,Medium,Both equally,93.1,66.5,88.4,20.1,69.57,100,100,99.9,23,15.4,23.8,69.6,3.19,16.78,12.38,-0.06,18,32.44,0,193,Medium,TRUE,16.78
318,GWALIOR,MADHYA PRADESH,50.14559068,54.02107598,52.08333333,Medium,Both equally,94.8,80.5,83.2,40.6,77.93,51.9,100,89.6,40.1,12.4,33,78.4,1.65,16.76,18.01,0.09,27,19.34,3.55,224,Medium,TRUE,16.76
502,CHITTAURGARH,RAJASTHAN,62.35440932,36.24514698,49.29977815,Medium,Health-driven,96.8,87.8,63.8,90.6,62.51,55.3,97.6,80.3,31.4,14.6,25.9,72.4,1.81,16.69,30.76,-0.61,69,16.2,13.05,302,Medium,TRUE,16.69
287,KASARAGOD,KERALA,84.65058236,61.95230172,73.30144204,High,Health-driven,100,92.5,98.9,44,89.85,92,98.7,98.6,25.3,12.6,21.4,34.3,2.69,16.67,7.8,-0.67,1,4.08,3.74,35,High,TRUE,16.67
552,THIRUVALLUR,TAMIL NADU,76.35191348,73.43316694,74.89254021,High,Both equally,100,88.6,75.6,57.4,83.82,99.3,99.9,98.2,18.1,17,20.6,58.4,1.13,16.65,10.79,-0.32,26,22.04,1.27,172,High,TRUE,16.65
544,PERAMBALUR,TAMIL NADU,67.36688852,63.81031614,65.58860233,High,Both equally,100,92.5,57.4,75.5,74.68,99.5,100,98,29.1,15.9,22.3,69.2,1.98,16.64,17.28,-0.44,14,31.01,0.46,216,High,TRUE,16.64
185,KURUKSHETRA,HARYANA,58.90183028,75.18025513,67.04104271,High,Education-driven,98.4,69.8,82.6,19.2,76.7,99.8,100,99.4,24.9,12.8,22.5,73.7,0.98,16.63,14.28,-0.26,18,22.3,0,201,High,TRUE,16.63
360,GADCHIROLI,MAHARASTRA,42.28369384,46.36716583,44.32542984,Medium,Both equally,97.3,97.9,62.4,33.3,70.55,63,100,88.6,35.7,30,35.4,76.6,3.54,16.61,19.55,-0.6,21,11.25,38.71,50,Medium,TRUE,16.61
174,AMBALA,HARYANA,71.921797,80.75429839,76.3380477,High,Education-driven,97.8,79.3,87.2,19,82.89,100,100,99.5,24.1,10.9,13.7,64.2,0.84,16.61,11.83,-0.17,18,26.26,0,180,High,TRUE,16.61
128,NARAYANPUR,CHHATTISGARH,29.57570715,26.89961176,28.23765946,Low,Both equally,74.2,81.7,52.8,83.1,,21.8,99.7,41.1,43.7,21.5,39.5,86.8,2.02,16.59,,-0.2,-18,,,52,Low,TRUE,16.59
56,KARBI ANGLONG,ASSAM,46.11064892,37.52079867,41.81572379,Medium,Health-driven,74.9,64.3,75.2,54.1,73.52,19.5,72.3,84.2,31.6,17.2,28.2,67.5,1.12,16.57,17.5,-0.46,48,4.7,56.34,391,Medium,TRUE,16.57
68,UDALGURI,ASSAM,37.60399334,31.17027177,34.38713256,Low,Health-driven,86.2,38.3,73.8,70.6,66.6,12.9,85.6,93.2,33.8,21.3,32.5,77.6,1.88,16.54,14.62,-0.58,94,4.55,32.15,191,Low,TRUE,16.54
551,THENI,TAMIL NADU,82.92429285,62.86744315,72.895868,High,Health-driven,100,95.2,74.4,67.4,77.62,98.1,100,94.7,20.2,15.5,18.8,46.8,1.66,16.54,15.76,-0.4,7,20.72,0.15,135,High,TRUE,16.54
485,MUKTSAR,PUNJAB,49.12645591,63.14475874,56.13560732,Medium,Education-driven,96.4,57.6,82.9,23.9,66.79,100,100,99.2,35,13.6,30.7,69,1.72,16.51,12.87,-0.06,2,42.31,0,174,Medium,TRUE,16.51
559,VELLORE,TAMIL NADU,77.64143095,66.94398225,72.2927066,High,Health-driven,99.5,92.7,76.2,71.4,79.65,98.4,100,97.2,29.8,13.1,19.7,60.9,1.49,16.47,14.53,-0.45,20,21.85,1.85,291,High,TRUE,16.47
290,KOZHIKODE,KERALA,87.56239601,61.42540211,74.49389906,High,Health-driven,100,88.8,99.6,61.1,95.24,96.9,99.8,94.9,21.3,14.1,18.9,32.1,3.8,16.45,4.41,-0.84,119,6.45,0.49,67,High,TRUE,16.45
288,KOLLAM,KERALA,81.19800333,70.13311148,75.6655574,High,Health-driven,100,85.4,97.5,56,93.77,98.5,100,99.6,15.5,21.4,17,32.5,2.92,16.44,3.88,-0.78,9,12.46,0.41,96,High,TRUE,16.44
139,NORTH GOA,GOA,74.64642263,69.35662784,72.00152524,High,Health-driven,99.6,78.6,87.7,64.8,88.85,99.8,100,98.3,24.2,17.7,25.8,55.2,2.67,16.43,10.03,-0.63,-4,2.15,6.92,57,High,TRUE,16.43
522,SIKAR,RAJASTHAN,71.65141431,56.6833056,64.16735996,High,Health-driven,95.8,70,77.9,82.4,72.98,61.9,98.7,83.2,23.1,12.8,18.3,61.5,0.51,16.34,27.9,-0.13,45,15.64,2.81,370,High,TRUE,16.34
450,JHARSUGUDA,ODISHA,66.18136439,39.85024958,53.01580699,Medium,Health-driven,98.6,97.6,70,37.7,,38.7,99.8,92.8,27.1,16.9,26.9,65.5,2.01,16.32,16.22,-0.45,10,,,27,Medium,TRUE,16.32
472,BARNALA,PUNJAB,64.87104825,68.91292291,66.89198558,High,Both equally,96.7,68.5,90.7,20.7,68.9,100,100,100,33.8,9.4,16.5,60.6,1.3,16.23,8.96,-0.36,5,32.24,0,81,High,TRUE,16.23
599,UNAKOTI,TRIPURA,35.64891847,34.13754853,34.8932335,Low,Both equally,71.5,58.3,61.8,28,,26.8,92.1,86.9,31.8,19.3,32,62.8,1.03,16.22,,-0.41,0,,,43,Medium,FALSE,16.22
482,LUDHIANA,PUNJAB,61.77204659,74.18191902,67.97698281,High,Education-driven,90.1,73.2,84.6,25.2,82.54,100,100,99.3,22.1,5.9,12.4,77.9,1.43,16.2,8.14,0.26,25,26.39,0,335,High,TRUE,16.2
532,COIMBATORE,TAMIL NADU,87.35440932,75.79034942,81.57237937,High,Health-driven,100,94.5,78.5,61,84.31,98.9,100,99.3,23,7,18.5,37.8,1.18,16.11,10.33,-0.39,28,15.5,0.82,228,High,TRUE,16.11
480,JALANDHAR,PUNJAB,71.36023295,72.54575707,71.95299501,High,Both equally,92.3,91.3,88.2,25.9,82.4,100,100,99.9,24.8,10.3,16.7,69.2,1.79,16.09,7.79,0.17,35,38.95,0,263,High,TRUE,16.09
555,TIRUCHIRAPPALLI,TAMIL NADU,58.79783694,71.3255685,65.06170272,High,Education-driven,98.6,97.1,67.1,67.8,83.56,99.1,100,98.6,27.6,20.9,27.4,82.3,1.53,16.09,12.76,-0.51,16,17.14,0.67,299,High,TRUE,16.09
474,FARIDKOT,PUNJAB,57.88269551,62.64559068,60.26414309,Medium,Both equally,94.3,70.8,87.5,20.4,70.65,100,99.8,100,28.1,10.3,20.7,76.1,2.65,16.06,11.08,-0.8,2,38.92,0,48,Medium,TRUE,16.06
420,MON,NAGALAND,57.23793677,38.21408763,47.7260122,Medium,Health-driven,21.4,62.4,86.4,39.3,56.6,31.6,84,85.7,35.5,7.8,23.3,39.4,0.76,16.06,7.99,-0.15,33,0,95.22,24,Medium,TRUE,16.06
401,SOUTH GARO HILLS,MEGHALAYA,72.8577371,29.61730449,51.2375208,Medium,Health-driven,88.3,86.8,88.4,79.5,72.39,17.4,82.2,41.8,29.8,18.3,20.8,33.6,1.45,15.99,9.05,-0.43,2,0.22,94.31,117,Medium,TRUE,15.99
596,NORTH TRIPURA,TRIPURA,45.04991681,51.27565169,48.16278425,Medium,Education-driven,85.4,69.6,74.1,28.7,88.29,32.8,90.6,80.9,26.2,30,32.2,52.5,0.87,15.99,7.08,-0.25,-1,16.57,25.86,34,Medium,TRUE,15.99
32,TIRAP,ARUNACHAL PRADESH,55.3452579,28.50804215,41.92665003,Medium,Health-driven,70.2,66.3,86.7,30.8,52.23,39,76.7,87,38.6,13.8,16,48.4,2.29,15.98,20.04,0.15,2,0,87.85,15,Medium,TRUE,15.98
295,THRISSUR,KERALA,77.74542429,66.97171381,72.35856905,High,Health-driven,100,,99.5,48.7,95.32,97.2,100,98.3,22,9.6,17.3,48.7,3.87,15.92,3.13,-0.89,22,10.39,0.3,96,High,TRUE,15.92
286,KANNUR,KERALA,82.92429285,69.46755408,76.19592346,High,Health-driven,100,77.7,99.5,47.9,95.41,97.3,99.8,99.2,19.4,14,17.9,37.2,1.96,15.85,3.97,-0.54,-29,3.3,1.64,42,High,TRUE,15.85
45,DHEMAJI,ASSAM,52.28785358,38.35274542,45.3202995,Medium,Health-driven,87.3,89.7,70.8,66.8,69.07,13.3,90.4,95.4,37.2,18.3,25.7,73.1,1.43,15.85,13.53,-0.64,62,6.45,47.45,320,Medium,TRUE,15.85
428,NEW DELHI,NCT OF DELHI,58.92262895,84.47032723,71.69647809,High,Education-driven,91.8,82.2,69.4,25.2,89.38,100,100,100,27.4,6.8,20.7,72.9,0.81,15.85,8.21,-0.36,4,23.41,0,5,High,TRUE,15.85
28,NAMSAI,ARUNACHAL PRADESH,54.51331115,49.83361065,52.1734609,Medium,Both equally,63.6,67.2,75.1,30.9,,29.9,69.7,100,28.7,12.4,17.7,59.2,0.41,15.83,,-0.08,2,,,29,Medium,TRUE,15.83
683,NAINITAL,UTTARAKHAND,67.67886855,65.36328342,66.52107598,High,Both equally,81.2,74.1,82.4,60.8,84.85,83.3,98.7,82.5,23.2,14,14.8,59.8,0.35,15.75,12.88,-0.01,-16,20.03,0.79,207,High,TRUE,15.75
116,DANTEWADA,CHHATTISGARH,33.52745424,24.5978924,29.06267332,Low,Health-driven,90.5,77.6,60.5,82.2,42.67,25,96.5,74,45.6,19.4,45.8,89.9,3.5,15.73,19.81,-0.91,16,2.44,76.88,34,Low,TRUE,15.73
507,GANGANAGAR,RAJASTHAN,65.93178037,46.53355519,56.23266778,Medium,Health-driven,97.7,89.7,83.4,85.3,70.25,75.5,99.7,81.7,24.5,24.9,26.1,72.3,1.78,15.64,19.26,-0.53,33,36.59,0.68,262,Medium,TRUE,15.64
545,PUDUKKOTTAI,TAMIL NADU,64.91264559,69.91125901,67.4119523,High,Both equally,100,83.3,55.2,72.9,77.76,99.4,100,100,32.2,9.5,21.6,71.1,1.84,15.6,16.68,-0.54,12,17.6,0.08,215,High,TRUE,15.6
194,SONIPAT,HARYANA,74.64642263,75.4021076,75.02426511,High,Both equally,99.7,83,86.7,22.4,80.83,99.8,100,98.3,23.6,9.2,12.7,68.7,1.09,15.6,18.52,-0.08,21,18.62,0,185,High,TRUE,15.6
26,LOWER DIBANG VALLEY,ARUNACHAL PRADESH,76.37271215,52.44037715,64.40654465,High,Health-driven,90.1,73.8,89.9,36.8,70.38,41.1,96.9,84.5,14.3,7.6,9.7,51.5,0.5,15.55,13.06,-0.07,2,0,48.03,8,High,TRUE,15.55
283,ALAPPUZHA,KERALA,78.36938436,64.05990017,71.21464226,High,Health-driven,99.4,61.9,99.2,60.4,96.26,97.1,99.6,97.6,20.1,14.4,20.4,30.3,3.57,15.54,3.1,-0.84,15,9.46,0.31,65,High,TRUE,15.54
378,RATNAGIRI,MAHARASTRA,49.56322795,63.17249029,56.36785912,Medium,Education-driven,97.8,77.2,85.6,16.6,82.43,93.1,100,97.5,31.7,23.7,29.5,69.4,2.99,15.48,16.88,-0.73,-2,4.15,1.26,59,Medium,TRUE,15.48
394,THOUBAL,MANIPUR,58.1530782,53.49417637,55.82362729,Medium,Both equally,87.8,74.2,61.3,19.1,76.66,49.1,99.5,94.4,31.5,8.3,14.9,39.7,1.9,15.44,18.33,-0.44,5,9.62,0.43,50,Medium,TRUE,15.44
285,IDUKKI,KERALA,84.15141431,54.18746534,69.16943982,High,Health-driven,100,89.6,97.5,58.1,92.2,85.5,97.8,90.6,24.3,14.5,23.6,32,2.91,15.29,5.25,-0.77,0,13.12,5.03,33,High,TRUE,15.29
501,BUNDI,RAJASTHAN,49.6672213,42.40155297,46.03438713,Medium,Health-driven,95.3,75.7,56.3,87.7,62.31,57.4,97.9,76.3,30,19.6,29.1,74.9,1.15,15.29,29.52,-0.18,34,18.97,20.57,179,Medium,TRUE,15.29
284,ERNAKULAM,KERALA,80.32445923,69.93899057,75.1317249,High,Health-driven,99.1,82.6,99.3,46.2,95.68,98.6,100,98.5,22,17.1,19.4,36.4,2.55,15.27,2.87,-1.04,7,8.18,0.5,110,High,TRUE,15.27
490,SANGRUR,PUNJAB,72.31697171,65.36328342,68.84012757,High,Health-driven,94.7,89.6,92.4,18.7,68.88,100,100,100,23.4,10.4,18.1,66.9,1.91,15.25,11.34,-0.58,5,27.89,0,184,High,TRUE,15.25
24,LOHIT,ARUNACHAL PRADESH,68.94758735,53.10593455,61.02676095,Medium,Health-driven,90.2,74,83.7,31.9,69.88,56.6,74.5,97.2,24.5,12.7,12.9,52.5,0.88,15.23,15.63,-0.07,2,0,32.53,5,Medium,TRUE,15.23
175,BHIWANI,HARYANA,67.01331115,71.85246811,69.43288963,High,Both equally,97.7,72.5,89.7,28.2,76.74,97.5,99.9,97.8,29,6,20.6,69.2,0.89,15.2,22.59,-0.24,63,20.87,0,154,High,TRUE,15.2
191,REWARI,HARYANA,68.781198,78.89628397,73.83874099,High,Education-driven,98.7,79.3,86.4,25.3,82.23,98,100,98.3,25.9,9.3,20.5,71.3,0.69,15.18,22.38,-0.19,16,20.28,0,90,High,TRUE,15.18
513,JHUNJHUNUN,RAJASTHAN,71.96339434,64.25402108,68.10870771,High,Health-driven,97.1,88.7,79,86.1,74.72,80.5,100,84.5,20.9,13.9,19.6,77.2,0.63,15.18,26.73,-0.22,32,16.88,1.95,242,High,TRUE,15.18
180,HISAR,HARYANA,66.41014975,75.42983916,70.91999445,High,Education-driven,98.2,85.5,89.1,27.9,73.24,99.5,100,98.6,27.8,16.4,21.4,70.5,0.75,15.16,20.48,-0.21,78,23.44,0,148,High,TRUE,15.16
223,RAMBAN,JAMMU & KASHMIR,46.921797,30.19966722,38.56073211,Medium,Health-driven,80.4,78.9,48.9,9.2,56.9,40.4,96.8,66.6,25.7,15.6,21.2,62,2.35,15.15,31.93,-0.59,-23,4.91,14.02,62,Medium,TRUE,15.15
294,THIRUVANANTHAPURAM,KERALA,78.80615641,66.25069329,72.52842485,High,Health-driven,99.5,72.8,95.4,48.7,92.66,98.1,99.9,96.8,19.5,17.4,15.2,33,2.68,15.14,3.71,-0.72,12,11.3,0.81,76,High,TRUE,15.14
534,DHARMAPURI,TAMIL NADU,74.50083195,58.59678314,66.54880754,High,Health-driven,99.6,90.6,72.4,75.5,64.71,98.1,99.9,96.8,28.7,16.9,23.2,54.2,1.46,15.08,9.13,-0.46,10,16.29,4.18,140,High,TRUE,15.08
548,SIVAGANGA,TAMIL NADU,67.63727121,69.19023849,68.41375485,High,Both equally,100,89.4,74.4,67.7,80.46,99.4,100,99,27.6,22.8,28.4,56.4,2,15.05,16.28,-0.29,16,17.01,0.06,109,High,TRUE,15.05
487,PATIALA,PUNJAB,67.86605657,67.9145868,67.89032169,High,Both equally,97.3,74.7,88.1,33.8,76.26,99.9,99.9,100,20.3,9.9,16.9,76.7,2.23,14.94,10.93,-0.43,23,24.55,0,253,High,TRUE,14.94
30,SIANG,ARUNACHAL PRADESH,67.11730449,20.79866889,43.95798669,Medium,Health-driven,81.1,60.3,91.2,26.1,,20.2,88.4,34.9,21.3,12.1,8.8,24.9,1.86,14.77,,0.59,-9,,,10,Medium,TRUE,14.77
416,KIPHIRE,NAGALAND,43.94758735,45.84026622,44.89392679,Medium,Both equally,34.8,42.8,83.1,8.8,73.1,23.4,68.3,84.8,36.9,11,25,55.2,0.49,14.73,6.19,0.06,0,0,96.52,10,Medium,TRUE,14.73
468,MAHE,PUDUCHERRY,69.73793677,86.66112035,78.19952856,High,Education-driven,100,95.3,99.8,23.6,98.35,100,100,100,48.2,7.3,32.6,36.9,0.74,14.71,1.63,0.03,0,0.34,0,6,High,TRUE,14.71
516,KOTA,RAJASTHAN,64.80865225,65.80698835,65.3078203,High,Both equally,97.9,84.4,79,80.9,77.48,71.5,99.5,91.1,29.5,20.8,26.4,66.7,0.59,14.64,21.31,-0.2,29,20.78,9.42,162,High,TRUE,14.64
181,JHAJJAR,HARYANA,75.3327787,83.77703827,79.55490849,High,Education-driven,97.2,90.9,91.7,27,80.83,99.2,100,99.6,15.6,8,9.7,76.9,0.43,14.59,18.48,-0.04,27,17.79,0,113,High,TRUE,14.59
403,SOUTH WEST KHASI HILLS,MEGHALAYA,56.44758735,27.89794786,42.17276761,Medium,Health-driven,41.7,78.8,89.6,72.3,,9.8,51.5,41.3,51.4,10.4,27.6,61.3,0.74,14.45,,-0.19,16,,,99,Medium,TRUE,14.45
211,BARAMULA,JAMMU & KASHMIR,53.49417637,36.18968386,44.84193012,Medium,Health-driven,96.2,73.7,77.7,6.5,66.93,35.4,91.3,89.7,23.2,18.2,17.3,70.4,1.99,14.41,22.34,-0.69,20,0.15,3.74,122,Medium,TRUE,14.41
387,BISHNUPUR,MANIPUR,57.86189684,60.31613977,59.0890183,Medium,Both equally,89.5,66.6,52.6,9.3,76.35,39.5,100,97.5,15.5,7.9,11.7,42.4,1.49,14.39,18.23,-0.55,5,9.32,1.39,27,Medium,TRUE,14.39
524,TONK,RAJASTHAN,57.4875208,43.56627842,50.52689961,Medium,Health-driven,97.4,75.3,66.2,84.5,62.46,61.4,98.6,79.5,33.1,18.1,28.2,64.6,1.23,14.3,32.26,-0.31,64,20.26,12.54,125,Medium,TRUE,14.3
488,RUPNAGAR,PUNJAB,75.20798669,70.854132,73.03105935,High,Both equally,97.8,76.5,84,37.8,83.28,100,100,99.5,15.1,9.1,15.3,65.5,3.25,14.28,11.73,-0.35,5,26.42,0,92,High,TRUE,14.28
20,EAST KAMENG,ARUNACHAL PRADESH,50.20798669,20.21630616,35.21214642,Low,Health-driven,76,60.8,75.6,25.1,62.48,19.3,71.1,32.9,35.7,15.8,14.2,51.7,3.05,14.28,16.77,0.51,29,0,92.01,11,Low,TRUE,14.28
481,KAPURTHALA,PUNJAB,61.14808652,68.13643927,64.6422629,High,Education-driven,95,65.7,87.7,20.7,80.18,99.9,99.9,99.4,24.6,12.8,19.2,68.7,2.78,14.25,9.24,-0.16,8,33.95,0,79,High,TRUE,14.25
593,DHALAI,TRIPURA,38.04076539,46.31170272,42.17623405,Medium,Education-driven,87.3,73.7,67.6,44.2,86.82,16,72.7,65.8,45.7,15.9,27.6,81.2,0.72,14.21,11.62,-0.32,3,16.31,55.68,24,Medium,TRUE,14.21
53,JORHAT,ASSAM,49.58402662,46.61674986,48.10038824,Medium,Both equally,96.5,69.2,80.4,60.1,83.42,31.9,94.9,86.5,38.7,15.5,33.2,74.1,1.67,14.18,10.16,-0.51,55,8.12,12.82,272,Medium,TRUE,14.18
478,GURDASPUR,PUNJAB,66.41014975,71.38103161,68.89559068,High,Both equally,92.4,80,85.4,23.5,81.06,100,100,99.4,25.1,9.5,15.3,70.1,2.2,14.1,10.17,-0.33,13,25.26,0,145,High,TRUE,14.1
63,NALBARI,ASSAM,51.74708819,48.36383805,50.05546312,Medium,Both equally,91.8,65.5,68.1,52.5,79.89,26.8,100,85,27.5,15.4,26.7,71,2.15,14.1,11.73,-0.74,-28,7.8,3.03,259,Medium,TRUE,14.1
479,HOSHIARPUR,PUNJAB,78.32778702,72.51802551,75.42290627,High,Health-driven,98.3,92.9,89.7,27.7,85.43,99.8,100,100,19.3,11.5,12.4,69.6,2.71,14.04,9.12,0.03,24,35.14,0,146,High,TRUE,14.04
392,SENAPATI,MANIPUR,57.79950083,45.86799778,51.83374931,Medium,Health-driven,45.8,65,84.4,15.4,75,20.2,99.9,76.3,27.3,10.7,12.9,48.5,1.34,14.02,12.05,-0.24,8,0.37,79.76,77,Medium,TRUE,14.02
536,ERODE,TAMIL NADU,74.45923461,70.71547421,72.58735441,High,Both equally,100,95.9,67.6,77.7,72.96,99.6,100,99.9,19.4,20.9,26.9,46.5,1.42,13.94,15.74,-0.66,24,16.41,0.97,211,High,TRUE,13.94
29,PAPUM PARE,ARUNACHAL PRADESH,59.79617304,42.15196894,50.97407099,Medium,Health-driven,88,60.7,75.7,26.9,82.14,46.3,70.8,53.9,29.7,9,15.6,53.4,1.44,13.8,10.68,0.04,6,0,66.38,36,Medium,TRUE,13.8
224,REASI,JAMMU & KASHMIR,51.2687188,44.75873544,48.01372712,Medium,Health-driven,69.3,79.1,62.7,11.2,59.42,22.6,100,39.9,17.7,13,11.7,69.7,0.69,13.78,22.38,-0.35,3,12,28.08,47,Medium,TRUE,13.78
538,KANNIYAKUMARI,TAMIL NADU,92.72046589,75.37437604,84.04742097,High,Health-driven,100,96,96.2,64.1,92.14,99.2,100,98.3,17.3,11.4,14.5,39.1,1.43,13.75,3.41,-0.56,17,3.97,0.39,108,High,TRUE,13.75
221,PUNCH,JAMMU & KASHMIR,59.29700499,32.0854132,45.6912091,Medium,Health-driven,86,91.2,66.7,11.1,68.69,13.7,72.2,57.3,25.9,15.6,18.8,54.3,1.07,13.74,26.24,-0.41,228,0.12,36.93,82,Medium,TRUE,13.74
539,KARUR,TAMIL NADU,52.91181364,67.02717693,59.96949529,Medium,Education-driven,100,82.5,63.6,74.6,75.86,99.7,100,99.1,33.6,18.4,36.3,73.2,2.51,13.7,17.81,-0.94,9,20.8,0.05,98,Medium,TRUE,13.7
186,MAHENDRAGARH,HARYANA,66.07737105,69.7171381,67.89725458,High,Both equally,98.9,73.9,79.8,25.6,78.87,93.7,99.9,95.3,25.2,8.4,15.4,72.3,0.95,13.68,26.03,-0.07,25,16.95,0,63,High,TRUE,13.68
424,WOKHA,NAGALAND,45.77787022,42.78979479,44.2838325,Medium,Both equally,43.6,42.8,88.5,20.6,87.6,29.6,90.6,87.8,26.3,23.5,28,45.4,3.06,13.67,5.95,-0.41,0,0,94.16,16,Medium,TRUE,13.67
210,BANDIPORE,JAMMU & KASHMIR,55.38685524,46.36716583,50.87701054,Medium,Health-driven,92.8,90.3,66.8,9.1,57.82,11.4,100,94.3,25.2,14,16.8,75.1,1.16,13.56,22.17,-0.38,-2,0.1,19.22,30,Medium,TRUE,13.56
697,KOLKATA,WEST BENGAL,40.70299501,76.15085968,58.42692734,Medium,Education-driven,97.5,80.2,60.9,21.1,87.14,100,100,99.6,29.6,29.3,32.9,72.3,1.75,13.55,4.1,-0.66,142,5.38,0.24,154,Medium,TRUE,13.55
391,IMPHAL WEST,MANIPUR,65.51580699,60.59345535,63.05463117,Medium,Both equally,95.7,74.1,58.7,15.7,86.7,39.1,99.5,93.5,15.6,9.3,10.2,41.8,1.35,13.54,12.22,-0.12,-1,3.19,4.66,28,High,FALSE,13.54
410,KOLASIB,MIZORAM,76.31031614,58.6245147,67.46741542,High,Health-driven,91.4,80.4,96.8,61.1,94.54,76.7,98.7,94.4,30.4,11.3,12.6,53.8,2.75,13.43,1.97,-0.1,2,0.1,87.68,32,High,TRUE,13.43
486,PATHANKOT,PUNJAB,67.57487521,68.80199667,68.18843594,High,Both equally,94.8,77.4,79.2,27,,99.6,100,100,22.1,10.3,10.8,68.3,0.85,13.42,,-0.16,2,,,19,High,TRUE,13.42
470,YANAM,PUDUCHERRY,76.91347754,70.96505824,73.93926789,High,Health-driven,100,79.7,84.1,29.2,80.26,100,100,100,25,12.4,18.7,39.7,2.82,13.41,6.56,-0.7,0,15.15,0,0,High,TRUE,13.41
467,KARAIKAL,PUDUCHERRY,72.27537438,86.21741542,79.2463949,High,Education-driven,99.6,88.9,84.3,26.9,87.83,100,100,99.4,25.5,15.3,19.7,65.5,0.71,13.39,10.75,-0.22,4,17.65,0,3,High,TRUE,13.39
550,THE NILGIRIS,TAMIL NADU,79.86688852,67.77592901,73.82140876,High,Health-driven,100,90.1,83.6,74.5,85.65,95.6,100,94.9,26.7,17.3,23.2,45.9,1.65,13.33,12.71,-0.32,12,32.08,4.46,48,High,TRUE,13.33
289,KOTTAYAM,KERALA,78.09900166,69.19023849,73.64462008,High,Health-driven,98.7,,98.6,53.2,96.4,99.4,99.9,97.9,23.4,8.4,17.3,36.8,3.32,13.21,1.5,-0.76,16,7.8,1.11,51,High,TRUE,13.21
598,SOUTH TRIPURA,TRIPURA,54.3469218,53.10593455,53.72642818,Medium,Both equally,89.7,48.5,68.6,37.3,85.41,22.9,90.9,77.6,25.5,15.3,21.6,59.6,0.42,13.19,11.3,-0.08,3,16,39.37,19,Medium,TRUE,13.19
59,LAKHIMPUR,ASSAM,47.42096506,38.82418192,43.12257349,Medium,Health-driven,96.2,69,74.2,67,78.39,16.6,92.4,83.7,38.5,18.2,34.4,69.3,1.71,13.16,12.75,-0.56,60,7.85,23.93,385,Medium,TRUE,13.16
475,FATEHGARH SAHIB,PUNJAB,73.91846922,70.27176927,72.09511925,High,Both equally,96.6,83.6,87.6,35.1,80.33,100,100,100,30,7.1,18.2,61.5,4.65,13.12,8.97,0.13,2,32.07,0,39,High,TRUE,13.12
219,KUPWARA,JAMMU & KASHMIR,47.4625624,27.95341098,37.70798669,Medium,Health-driven,97.1,93.2,67.7,10.4,66.92,9.1,80.8,77.6,24.9,25.1,25.5,78.8,1.65,13.07,22.31,-0.64,211,0.12,8.08,86,Medium,TRUE,13.07
415,DIMAPUR,NAGALAND,39.14309484,61.98003328,50.56156406,Medium,Education-driven,73.7,55.9,81.1,5.7,85.44,73.4,86.3,87.9,28.3,25,29.8,48.9,0.53,13,5.53,-0.08,1,0,59.13,17,Medium,TRUE,13
422,PHEK,NAGALAND,58.44425957,45.70160843,52.072934,Medium,Health-driven,32.2,54.6,90.1,24.9,79.13,49.6,81.3,82.9,28,12.9,15.6,44.9,1.42,12.93,11.03,-0.01,0,0,96.16,9,Medium,TRUE,12.93
381,SINDHUDURG,MAHARASTRA,53.63976705,65.72379368,59.68178037,Medium,Education-driven,100,76.3,87.9,13.2,86.54,98.4,99.8,97.4,30.8,27.7,32,55.6,4.31,12.87,13.95,-1.04,-4,6.54,0.82,20,Medium,TRUE,12.87
543,NAMAKKAL,TAMIL NADU,76.5391015,67.13810316,71.83860233,High,Health-driven,100,83.9,75.2,68.8,74.92,99.3,100,99.3,25.2,10.3,15.7,67.9,2.46,12.84,16.41,-0.66,13,20,3.31,120,High,TRUE,12.84
35,WEST KAMENG,ARUNACHAL PRADESH,58.54825291,39.87798114,49.21311703,Medium,Health-driven,93.6,56.2,88.9,38.3,69.4,37.3,89.2,83.9,24.2,23.2,13.4,66.6,1.39,12.75,14.86,-0.16,5,0,55.25,13,Medium,TRUE,12.75
413,MAMIT,MIZORAM,77.78702163,54.60343871,66.19523017,High,Health-driven,75,85.9,92.7,61.7,85.96,52.3,90.9,98.5,26.4,7.4,13.9,45.5,3.4,12.74,8.78,0.14,1,0.06,95.04,43,High,TRUE,12.74
407,AIZAWL,MIZORAM,77.12146423,69.41209096,73.26677759,High,Health-driven,97.4,66.4,96.1,37.5,98.5,84.2,99.9,100,25.3,7.3,9.6,44,2.93,12.65,1.01,-0.39,3,0.16,93.31,17,High,TRUE,12.65
390,IMPHAL EAST,MANIPUR,60.27454243,60.7598447,60.51719357,Medium,Both equally,91.7,76.2,59.5,7,82.81,37.6,99,95.8,18.4,11.7,14.4,50.3,1.28,12.61,13.94,-0.22,11,3.47,6.06,37,Medium,TRUE,12.61
206,SOLAN,HIMACHAL PRADESH,61.79284526,73.68275097,67.73779811,High,Education-driven,90.2,92.6,81.8,41.9,85.02,98.4,100,87,32.3,20.9,26.7,50.4,0.72,12.6,13.17,-0.2,3,28.35,4.42,67,High,TRUE,12.6
27,LOWER SUBANSIRI,ARUNACHAL PRADESH,62.62479201,33.8879645,48.25637826,Medium,Health-driven,89.8,66.5,82.8,24.5,76.33,27.3,72.3,72.3,30.7,11.5,8.1,52.4,2.26,12.25,12.3,0.14,1,0,87.81,5,Medium,TRUE,12.25
205,SIRMAUR,HIMACHAL PRADESH,62.93677205,66.00110926,64.46894065,High,Both equally,87.4,93.9,84.3,26.2,79.98,86.5,100,71.5,28.6,18.5,24.2,58.5,0.63,12.22,14.21,-0.2,2,30.34,2.13,78,High,TRUE,12.22
679,CHAMPAWAT,UTTARAKHAND,76.6014975,55.5463117,66.0739046,High,Health-driven,79.8,91.9,82.7,65.7,80.73,57.3,93.8,73.5,24.9,12.4,15.3,43.1,0.71,12.2,23.84,-0.09,7,18.25,0.52,29,High,TRUE,12.2
207,UNA,HIMACHAL PRADESH,60.94009983,76.65002773,68.79506378,High,Education-driven,89.7,75.3,81.4,22.6,87.23,99.9,99.9,92.3,24.7,13.1,25.8,58.7,0.83,12.14,11.08,-0.21,3,22.16,1.65,39,High,TRUE,12.14
228,UDHAMPUR,JAMMU & KASHMIR,39.78785358,40.18302829,39.98544093,Medium,Both equally,87.2,85.8,69.8,16.8,69.9,29.5,97.5,60.1,37.3,19.8,31.9,70.4,1.24,12.11,21.71,-0.45,301,24.97,10.15,51,Medium,TRUE,12.11
408,CHAMPHAI,MIZORAM,83.83943428,63.94897393,73.8942041,High,Health-driven,96.7,85.3,98.3,64.9,93.51,73.8,98.1,100,27.2,12.1,13.1,38.3,3.67,12.04,2.6,-0.11,0,0.01,98.19,20,High,TRUE,12.04
37,BAKSA,ASSAM,39.6422629,34.91403217,37.27814753,Medium,Both equally,89.9,70.5,68.9,69,70.53,11.5,86.7,89,41.2,17,34,78.6,1.63,11.92,16.32,-0.52,317,7.69,34.84,176,Medium,TRUE,11.92
594,GOMATI,TRIPURA,45.94425957,39.93344426,42.93885191,Medium,Health-driven,93.2,67.1,77.4,29.9,,30,91.9,72.3,22.7,27.6,29,70.7,0.43,11.92,,-0.09,3,,,12,Medium,TRUE,11.92
423,TUENSANG,NAGALAND,38.45673877,44.67554077,41.56613977,Medium,Education-driven,34.8,39.9,92,22,73.7,30.2,72.2,7.9,37.1,24.6,34.2,38.8,0.55,11.9,6.36,-0.14,0,0,97.11,5,Low,FALSE,11.9
597,SEPAHIJALA,TRIPURA,49.16805324,45.84026622,47.50415973,Medium,Both equally,87.7,70.3,75.4,31.6,,28.9,94.8,90.7,34.5,14.9,21,72.1,0.48,11.87,,-0.03,2,,,35,Medium,TRUE,11.87
51,HAILAKANDI,ASSAM,33.31946755,37.38214088,35.35080422,Low,Both equally,83,68.6,60,53.6,75.26,11.3,35.8,71.2,42.9,22.2,42.4,59.5,1.08,11.75,13.07,-0.26,25,10.72,0.11,347,Low,TRUE,11.75
677,BAGESHWAR,UTTARAKHAND,81.5515807,56.26733222,68.90945646,High,Health-driven,82,86.9,88.5,71.9,80.69,73.6,94.7,65.6,23.6,7.7,11.9,43.7,0.74,11.74,23.61,-0.04,22,27.73,0.76,44,High,TRUE,11.74
201,KULLU,HIMACHAL PRADESH,48.60648918,57.98668885,53.29658902,Medium,Education-driven,87,80.2,81.2,26.8,80.14,79.1,99.1,66.2,35.9,16.1,25.6,75.3,0.96,11.65,17.79,-0.07,0,28.01,3.84,38,Medium,TRUE,11.65
389,CHURACHANDPUR,MANIPUR,59.48419301,51.35884637,55.42151969,Medium,Health-driven,72.9,64.9,81.2,18.2,84.29,37.1,99.8,72.6,25.1,12.1,9.8,41.1,1.78,11.49,8.21,-0.52,1,0.16,92.94,18,Medium,TRUE,11.49
209,BADGAM,JAMMU & KASHMIR,52.55823627,47.69828064,50.12825846,Medium,Both equally,96.5,92.5,77,5.2,57.98,17,100,98,26.8,18.9,20.6,85,1.59,11.49,21.96,-0.53,11,0.05,3.17,41,Medium,TRUE,11.49
197,CHAMBA,HIMACHAL PRADESH,58.69384359,61.86910704,60.28147532,Medium,Both equally,72,100,86.5,26.8,73.19,87.1,100,64.7,42.6,15.4,26,46.5,0.68,11.46,22.05,-0.29,3,21.52,26.1,95,Medium,TRUE,11.46
293,PATHANAMTHITTA,KERALA,77.76622296,67.2490294,72.50762618,High,Health-driven,99.1,,98.9,50.1,96.93,97.8,99.7,97.5,22.7,11.4,11.2,44.2,3.01,11.44,1.44,-1.35,40,13.74,0.68,26,High,TRUE,11.44
688,UTTARKASHI,UTTARAKHAND,59.31780366,49.27897948,54.29839157,Medium,Health-driven,85.9,81.8,75.7,80.3,75.98,60.8,91.6,61.8,34.1,10.6,23.5,73.6,0.93,11.4,27.03,-0.23,3,24.41,1.06,26,Medium,TRUE,11.4
36,WEST SIANG,ARUNACHAL PRADESH,62.02163062,43.03937881,52.53050471,Medium,Health-driven,84.6,55.4,87.7,26.6,67.62,38.4,83.7,51.8,24.5,15.1,16.2,45.6,0.69,11.39,13.13,-0.11,4,0,82.64,21,Medium,TRUE,11.39
676,ALMORA,UTTARAKHAND,68.55241265,60.03882418,64.29561841,High,Health-driven,80.1,85.1,89.2,66,81.06,58.9,98.6,65.5,26,17,22.9,57.7,0.62,11.39,23.13,-0.29,19,24.26,0.21,82,Medium,FALSE,11.39
227,SRINAGAR,JAMMU & KASHMIR,60.14975042,56.51691625,58.33333333,Medium,Both equally,99.2,90.9,86.8,17.9,71.21,61.4,98.5,98.2,33,18.6,15.8,77,1.69,11.34,14.48,-0.19,-74,0.09,0.72,14,Medium,TRUE,11.34
214,JAMMU,JAMMU & KASHMIR,62.52079867,68.2473655,65.38408209,High,Education-driven,96.5,84.1,81.2,23.3,83.98,61.2,97.5,90.9,27,18,17.6,68.4,0.3,11.31,12.36,-0.06,28,24.71,4.52,42,High,TRUE,11.31
395,UKHRUL,MANIPUR,55.44925125,49.72268441,52.58596783,Medium,Health-driven,44.6,39.4,81.4,17,81.87,23.5,100,84,27.1,11.6,16,34.6,2.22,11.27,8.58,-0.34,1,0.14,94.35,18,Medium,TRUE,11.27
212,DODA,JAMMU & KASHMIR,38.81031614,27.73155851,33.27093733,Low,Health-driven,73.5,61.7,70.9,7.6,65.97,13.2,88.1,73.9,32.7,9.5,15.2,80.7,1.92,11.16,30.02,-0.4,6,13.03,9.57,46,Medium,FALSE,11.16
21,EAST SIANG,ARUNACHAL PRADESH,67.15890183,36.1619523,51.66042707,Medium,Health-driven,90.8,48.8,83.9,30.5,73.54,30.6,94.4,68.9,24.6,8.6,10.3,51.5,2.33,11.04,11.04,-0.49,10,0,70.53,8,Medium,TRUE,11.04
33,UPPER SIANG,ARUNACHAL PRADESH,61.87603993,47.94786467,54.9119523,Medium,Health-driven,76,61.4,91.8,34.6,59.94,55.5,97.5,95.8,30.4,12.5,12,51,1.52,10.98,8.87,-0.02,24,0,80.6,6,Medium,TRUE,10.98
217,KISHTWAR,JAMMU & KASHMIR,45.19550749,35.19134775,40.19342762,Medium,Health-driven,91.6,91.6,59.6,16.4,58.54,11.6,96.3,69,27.5,22.8,17.7,88.5,0.97,10.98,27.62,-0.34,7,6.2,16.54,31,Medium,TRUE,10.98
218,KULGAM,JAMMU & KASHMIR,64.72545757,31.08707709,47.90626733,Medium,Health-driven,98.9,98.1,80.5,4.2,60.35,18.2,93.4,76.9,28.4,11.3,15.3,77.7,1.45,10.95,20.84,-0.44,12,0.01,6.25,27,Medium,TRUE,10.95
216,KATHUA,JAMMU & KASHMIR,57.75790349,56.62784248,57.19287299,Medium,Both equally,97.1,100,75.4,7,73.5,39.2,99.4,74.7,21.8,22.5,25.9,67,0.6,10.92,16.84,-0.18,215,22.91,8.65,37,Medium,TRUE,10.92
411,LAWNGTLAI,MIZORAM,56.46838602,31.94675541,44.20757072,Medium,Health-driven,53.7,70.2,90.3,31.3,66.41,30.9,80.4,83.7,32.7,16.2,16.9,55.3,2.47,10.9,17.06,-0.33,0,0.12,95.3,28,Medium,TRUE,10.9
421,PEREN,NAGALAND,51.64309484,48.75207987,50.19758735,Medium,Both equally,43.5,63.3,89.4,5.4,79,47.3,71.9,79.6,34.9,9.1,20.7,51,1.07,10.86,10.39,0.02,-1,0,88.47,1,Medium,TRUE,10.86
600,WEST TRIPURA,TRIPURA,69.69633943,66.72212978,68.20923461,High,Both equally,95.3,88.4,80.2,28.1,88.91,44.3,96.9,91.5,30.3,11.7,21.2,54.5,0.6,10.84,8.15,-0.17,11,19.59,25.03,30,High,TRUE,10.84
425,ZUNHEBOTO,NAGALAND,31.46838602,52.05213533,41.76026068,Medium,Education-driven,35,60.7,88.9,18.1,86.26,31.6,72.2,93.8,44,26.9,44.5,34.9,1.35,10.76,5.25,-0.17,0,0,97.02,6,Medium,TRUE,10.76
414,SERCHHIP,MIZORAM,80.88602329,66.94398225,73.91500277,High,Health-driven,96.2,84.7,98.2,58.8,98.76,89.4,100,96.6,31.8,8.4,14.4,43.2,4.08,10.62,0.96,0.39,0,0.05,96.85,4,High,TRUE,10.62
412,LUNGLEI,MIZORAM,72.71214642,46.53355519,59.6228508,Medium,Health-driven,82.7,73.8,95.6,46.5,89.4,43.6,85.5,88.6,26.5,9.5,11.1,45.7,3.88,10.56,6.89,-0.61,43,0.11,95.11,45,Medium,TRUE,10.56
388,CHANDEL,MANIPUR,54.78369384,41.93011647,48.35690516,Medium,Health-driven,55.5,55.5,85.2,16.1,70.85,28.3,99.7,83.3,34,8.3,14.7,42.4,2.63,10.13,14.67,-0.69,3,0.38,88.97,8,Medium,TRUE,10.13
393,TAMENGLONG,MANIPUR,56.53078203,35.99556295,46.26317249,Medium,Health-driven,57.7,67.4,77.9,16.8,70.4,14.3,99.8,58,27.1,9.6,19.3,37,2.51,10.1,12.98,-0.88,1,0.02,95.72,16,Medium,TRUE,10.1
213,GANDERBAL,JAMMU & KASHMIR,49.7296173,35.63505269,42.682335,Medium,Health-driven,98,81.2,78.4,8.3,59.99,23,91.4,91.9,18.5,25.9,20.1,89.8,1.68,10.06,23.12,-0.4,-31,0.04,20.53,14,Medium,TRUE,10.06
208,ANANTNAG,JAMMU & KASHMIR,42.88685524,37.43760399,40.16222962,Medium,Health-driven,90.5,83.3,84.7,7.3,64.32,19.5,95.1,91.5,28.2,24.9,28.3,79.2,1.74,10.03,19.98,-0.59,37,0.17,10.75,33,Medium,TRUE,10.03
220,PULWAMA,JAMMU & KASHMIR,68.781198,37.68718802,53.23419301,Medium,Health-driven,97.8,88.8,91.6,9.9,65,21.9,96.2,93.9,22.4,15.3,20.2,67.4,2.75,9.93,21.6,-0.63,54,0.07,4.03,15,Medium,TRUE,9.93
225,SAMBA,JAMMU & KASHMIR,63.24875208,63.64392679,63.44633943,High,Both equally,97.9,90.9,78.8,19,82.48,79.3,95.2,85.9,24.5,20.4,15.5,69,0.64,9.92,15.37,-0.01,42,28.8,5.51,13,High,TRUE,9.92
199,KANGRA,HIMACHAL PRADESH,56.05241265,70.27176927,63.16209096,High,Education-driven,90.2,83.9,73.3,36.4,86.49,97.8,100,89.8,28,19.4,32,55.3,1.2,9.83,11.93,-0.32,15,21.15,5.6,54,High,TRUE,9.83
17,ANJAW,ARUNACHAL PRADESH,67.90765391,27.17692734,47.54229063,Medium,Health-driven,78,93,86.8,17.5,59.4,22,92,81,23.6,14.3,16,57.1,3.49,9.81,23.15,-0.59,4,0,77.72,0,Medium,TRUE,9.81
692,DARJILING,WEST BENGAL,57.36272879,42.92845258,50.14559068,Medium,Health-driven,98.4,94.2,83,26.3,79.92,23.1,68.4,66.5,34.3,20.6,31.6,68.1,1.06,9.68,12.2,0.08,3,17.18,21.52,50,Medium,TRUE,9.68
686,TEHRI GARHWAL,UTTARAKHAND,68.73960067,54.21519689,61.47739878,Medium,Health-driven,82.2,83,84.6,71.2,75.1,65.5,93.9,73.5,29.3,12.8,20.7,61.7,0.77,9.55,28.14,-0.13,43,16.5,0.14,38,Medium,TRUE,9.55
203,MANDI,HIMACHAL PRADESH,66.16056572,65.52967277,65.84511925,High,Both equally,86.6,94.1,87,41.3,82.81,99,99.7,74.8,31.3,19.9,21.3,52.2,1.03,9.38,17.18,-0.23,4,29.38,1.28,74,High,TRUE,9.38
685,RUDRAPRAYAG,UTTARAKHAND,82.69550749,57.84803106,70.27176927,High,Health-driven,86.6,91.4,86.8,76.6,82.09,72.6,99.5,84.4,25.2,8,10.9,52.4,1.5,9.17,24.03,0.22,-2,19.68,0.16,8,High,TRUE,9.17
417,KOHIMA,NAGALAND,55.59484193,58.90183028,57.24833611,Medium,Both equally,66.9,82.8,87.4,26.7,85.58,64.1,84.1,96.9,28.3,26.9,22.1,38.4,1.49,9.12,7.72,-0.38,1,0,83.86,1,Medium,TRUE,9.12
196,BILASPUR,HIMACHAL PRADESH,60.81530782,63.72712146,62.27121464,Medium,Both equally,91.7,100,80.8,35.4,85.67,98.8,100,84,40.1,12,38.8,44.8,1.96,8.79,13.49,-0.28,0,25.92,2.8,20,Medium,TRUE,8.79
418,LONGLENG,NAGALAND,48.48169717,50.13865779,49.31017748,Medium,Both equally,38.7,53,86.6,38.3,71.1,28.7,100,95.7,34.1,19.8,25.7,40.4,4.14,8.77,10.16,-1.2,0,0,96.3,2,Medium,TRUE,8.77
681,GARHWAL,UTTARAKHAND,65.55740433,59.73377704,62.64559068,Medium,Health-driven,76,76,83.3,62.7,82.59,64.6,94.1,67.8,30,12,18.8,57.2,0.51,8.77,19.92,0.03,30,17.8,0.32,45,Medium,TRUE,8.77
678,CHAMOLI,UTTARAKHAND,62.14642263,56.65557404,59.40099834,Medium,Health-driven,73.9,85,87.6,71.1,83.48,40.2,98.5,73.5,34.1,16.2,21.6,65.5,0.98,8.63,20.98,-0.32,10,20.25,3.13,14,Medium,TRUE,8.63
299,LAKSHADWEEP,LAKSHADWEEP,75.64475874,63.53300055,69.58887965,High,Health-driven,99.6,86.1,99.8,60.1,92.28,100,100,80.5,32,17.4,25.8,43.1,3.18,8.53,7.86,-0.98,0,0,94.8,0,High,TRUE,8.53
684,PITHORAGARH,UTTARAKHAND,79.15973378,52.35718247,65.75845813,High,Health-driven,84.9,96,84.5,72.8,82.93,48,93,75.5,25.6,12.4,20.6,36.2,1.15,8.41,20.48,-0.17,-133,24.9,4.04,17,High,TRUE,8.41
1,NICOBARS,ANDAMAN & NICOBAR ISLANDS,61.50166389,62.67332224,62.08749307,Medium,Both equally,97.8,64.2,83.5,2.7,77.5,78.9,100,86,21.6,15.7,24.6,37.7,1.2,8.18,11.95,-1.29,0,0,64.28,2,Medium,TRUE,8.18
31,TAWANG,ARUNACHAL PRADESH,53.68136439,29.145868,41.4136162,Medium,Health-driven,84.2,67.5,81.7,33.5,60.61,51.7,82.8,60.9,30.4,7.1,9,89.6,3.85,8.11,19.79,0.21,3,0,69.65,0,Medium,TRUE,8.11
204,SHIMLA,HIMACHAL PRADESH,74.89600666,73.73821409,74.31711037,High,Both equally,92.2,96.5,87.3,37.1,84.55,74.2,100,99.7,27.1,15.5,14.9,59.1,1.47,8.08,12.93,-0.47,21,26.51,1.08,37,High,TRUE,8.08
595,KHOWAI,TRIPURA,41.72212978,46.08985025,43.90599002,Medium,Both equally,95.7,60.7,67.8,44.1,,27.2,97.5,86.3,47,16.6,24.7,73.4,0.58,7.97,,-0.16,-1,,,5,Medium,TRUE,7.97
19,DIBANG VALLEY,ARUNACHAL PRADESH,61.43926789,34.05435385,47.74681087,Medium,Health-driven,85.5,90.7,95,28.7,64.8,33.3,86.7,90,16.9,18.1,16,88.6,4.58,7.81,10.29,-2.28,-1,0,71.23,0,Medium,TRUE,7.81
48,DIMA HASAO,ASSAM,49.6672213,32.7509706,41.20909595,Medium,Health-driven,89.5,63.6,83.8,61.9,78.99,12,36.8,81.7,30.6,23.6,21.7,73.1,6.38,7.73,13.19,-1.09,41,2.03,70.92,17,Low,FALSE,7.73
419,MOKOKCHUNG,NAGALAND,66.05657238,57.18247366,61.61952302,Medium,Health-driven,51.5,92,96.7,22.3,92.68,69,88.4,96.5,31.4,11.7,22.9,35.5,2.39,6.9,1.81,-0.3,1,0,91.68,2,Medium,TRUE,6.9
200,KINNAUR,HIMACHAL PRADESH,59.27620632,73.40543539,66.34082085,High,Education-driven,82.7,91.7,80.1,35.9,80.77,97.8,100,97.8,32.2,11.3,18.9,75.6,1.32,5.92,17.03,-0.19,0,17.53,57.95,0,High,TRUE,5.92
202,LAHUL & SPITI,HIMACHAL PRADESH,46.50582363,46.67221298,46.5890183,Medium,Both equally,86.4,77.9,61.7,31.2,77.24,63.7,98.6,61.5,28.5,16.3,18.4,91,2.5,2.93,20.47,-0.14,-3,7.08,81.44,0,Medium,TRUE,2.93
