district_id,state_name,overall_literacy,female_literacy,male_literacy,total_enrollment,govt_enrollment,private_enrollment,school_age_population,primary_pupil_teacher_ratio,upper_primary_pupil_teacher_ratio,total_schools,schools_with_water,schools_with_electricity,schools_with_girls_toilet,schools_with_boys_toilet,schools_with_road_connectivity,pct_sc_population,pct_st_population,dropout_rate_pct,pct_govt_enrollment,pct_private_enrollment,pct_schools_road_connected,pct_schools_electricity,pct_schools_water,pct_schools_girls_toilet,girl_dropout_rate,boy_dropout_rate,dropout_gender_gap,literacy_gender_gap,toilet_gender_gap,total_teachers
219,JAMMU & KASHMIR,66.92,54.79,77.1,127558,86180,41378,135672,86,4,2076,1678,189,1897,1686,1611,0.12,8.08,1.65,67.6,32.4,77.6,9.1,80.8,91.4,1.33,1.97,-0.64,22.31,211,9757
211,JAMMU & KASHMIR,66.93,55.01,77.35,183107,89329,93778,117874,122,2,2310,2109,818,2296,2276,2071,0.15,3.74,1.99,48.8,51.2,89.7,35.4,91.3,99.4,1.64,2.33,-0.69,22.34,20,12708
227,JAMMU & KASHMIR,71.21,63.47,77.95,119458,17674,101784,113560,14,0,985,970,605,843,917,967,0.09,0.72,1.69,14.8,85.2,98.2,61.4,98.5,85.6,1.59,1.79,-0.19,14.48,-74,10534
209,JAMMU & KASHMIR,57.98,46.6,68.56,95521,57684,37781,118477,41,1,1468,1468,250,1459,1448,1438,0.05,3.17,1.59,60.4,39.6,98,17,100,99.4,1.32,1.85,-0.53,21.96,11,8316
220,JAMMU & KASHMIR,65,53.81,75.41,61345,28026,33319,64493,15,1,1028,989,225,889,835,965,0.07,4.03,2.75,45.7,54.3,93.9,21.9,96.2,86.5,2.43,3.06,-0.63,21.6,54,6179
208,JAMMU & KASHMIR,64.32,54.15,74.13,118203,66155,52048,150600,33,2,1885,1792,368,1806,1769,1724,0.17,10.75,1.74,56,44,91.5,19.5,95.1,95.8,1.43,2.03,-0.59,19.98,37,11784
215,JAMMU & KASHMIR,74.49,58.05,86.73,19483,11305,8178,15468,4,1,586,345,45,582,569,553,0.01,86.89,1.88,58,42,94.4,7.7,58.9,99.3,1.89,1.86,0.03,28.68,13,2766
212,JAMMU & KASHMIR,65.97,50.34,80.36,76451,56089,20362,52488,46,3,1459,1285,192,1457,1451,1078,13.03,9.57,1.92,73.4,26.6,73.9,13.2,88.1,99.9,1.71,2.12,-0.4,30.02,6,6849
228,JAMMU & KASHMIR,69.9,58.22,79.93,95087,67033,28054,61091,51,6,1745,1702,514,1511,1210,1049,24.97,10.15,1.24,70.5,29.5,60.1,29.5,97.5,86.6,1,1.45,-0.45,21.71,301,7854
221,JAMMU & KASHMIR,68.69,54.8,81.04,96743,72093,24650,64075,82,13,1693,1222,232,1501,1273,970,0.12,36.93,1.07,74.5,25.5,57.3,13.7,72.2,88.7,0.86,1.26,-0.41,26.24,228,7043
214,JAMMU & KASHMIR,83.98,77.41,89.77,218730,64437,154293,121628,42,3,2408,2349,1473,2275,2247,2188,24.71,4.52,0.3,29.5,70.5,90.9,61.2,97.5,94.5,0.26,0.32,-0.06,12.36,28,19341
216,JAMMU & KASHMIR,73.5,64.56,81.4,96778,55051,41727,61407,37,4,1758,1748,690,1661,1446,1313,22.91,8.65,0.6,56.9,43.1,74.7,39.2,99.4,94.5,0.5,0.68,-0.18,16.84,215,8859
210,JAMMU & KASHMIR,57.82,46.24,68.41,57358,41434,15924,46005,30,1,858,858,98,838,840,809,0.1,19.22,1.16,72.2,27.8,94.3,11.4,100,97.7,0.96,1.34,-0.38,22.17,-2,4229
217,JAMMU & KASHMIR,58.54,44.13,71.75,41099,31803,9296,29055,31,1,874,842,101,787,780,603,6.2,16.54,0.97,77.4,22.6,69,11.6,96.3,90,0.79,1.13,-0.34,27.62,7,3744
223,JAMMU & KASHMIR,56.9,40.04,71.97,56874,47131,9743,41326,62,0,924,894,373,889,912,615,4.91,14.02,2.35,82.9,17.1,66.6,40.4,96.8,96.2,2.04,2.63,-0.59,31.93,-23,3755
213,JAMMU & KASHMIR,59.99,47.62,70.74,40776,23843,16933,37151,14,2,675,617,155,546,577,620,0.04,20.53,1.68,58.5,41.5,91.9,23,91.4,80.9,1.47,1.87,-0.4,23.12,-31,4055
218,JAMMU & KASHMIR,60.35,49.74,70.58,59995,35022,24973,48981,27,0,970,906,177,961,949,746,0.01,6.25,1.45,58.4,41.6,76.9,18.2,93.4,99.1,1.23,1.66,-0.44,20.84,12,5481
224,JAMMU & KASHMIR,59.42,47.55,69.93,62352,52573,9779,40695,47,2,1201,1201,271,1198,1195,479,12,28.08,0.69,84.3,15.7,39.9,22.6,100,99.8,0.5,0.85,-0.35,22.38,3,4525
225,JAMMU & KASHMIR,82.48,74.39,89.76,46504,15333,31171,27998,13,4,687,654,545,624,582,590,28.8,5.51,0.64,33,67,85.9,79.3,95.2,90.8,0.63,0.64,-0.01,15.37,42,4688
197,HIMACHAL PRADESH,73.19,62.14,84.19,83121,70776,12345,51872,95,68,1773,1773,1544,1767,1764,1147,21.52,26.1,0.68,85.1,14.9,64.7,87.1,100,99.7,0.53,0.82,-0.29,22.05,3,7250
199,HIMACHAL PRADESH,86.49,80.62,92.55,184909,85415,99494,115686,54,36,3129,3129,3061,3124,3109,2811,21.15,5.6,1.2,46.2,53.8,89.8,97.8,100,99.8,1.03,1.35,-0.32,11.93,15,18804
202,HIMACHAL PRADESH,77.24,66.5,86.97,3205,2480,725,2385,0,0,278,274,177,272,275,171,7.08,81.44,2.5,77.4,22.6,61.5,63.7,98.6,97.8,2.43,2.57,-0.14,20.47,-3,1093
201,HIMACHAL PRADESH,80.14,71.01,88.8,65171,44023,21148,37567,38,37,1185,1174,937,1179,1179,785,28.01,3.84,0.96,67.5,32.5,66.2,79.1,99.1,99.5,0.92,0.99,-0.07,17.79,0,5594
203,HIMACHAL PRADESH,82.81,74.33,91.51,128534,84585,43949,81423,74,55,2848,2839,2819,2841,2837,2129,29.38,1.28,1.03,65.8,34.2,74.8,99,99.7,99.8,0.91,1.14,-0.23,17.18,4,13698
207,HIMACHAL PRADESH,87.23,81.67,92.75,72899,43051,29814,42408,39,33,906,905,905,904,901,836,22.16,1.65,0.83,59.1,40.9,92.3,99.9,99.9,99.8,0.71,0.93,-0.21,11.08,3,6005
196,HIMACHAL PRADESH,85.67,78.9,92.39,48481,29533,18948,29136,20,10,1025,1025,1013,1023,1023,861,25.92,2.8,1.96,60.9,39.1,84,98.8,100,99.8,1.81,2.09,-0.28,13.49,0,5517
206,HIMACHAL PRADESH,85.02,78.02,91.19,96717,55038,41679,48350,67,55,1305,1305,1284,1302,1299,1136,28.35,4.42,0.72,56.9,43.1,87,98.4,100,99.8,0.61,0.81,-0.2,13.17,3,7676
205,HIMACHAL PRADESH,79.98,72.55,86.76,86276,62474,23802,50339,78,70,1587,1587,1372,1570,1568,1134,30.34,2.13,0.63,72.4,27.6,71.5,86.5,100,98.9,0.53,0.73,-0.2,14.21,2,7059
204,HIMACHAL PRADESH,84.55,77.8,90.73,113391,67611,45780,62009,37,13,2687,2687,1995,2670,2649,2678,26.51,1.08,1.47,59.6,40.4,99.7,74.2,100,99.4,1.23,1.7,-0.47,12.93,21,14041
200,HIMACHAL PRADESH,80.77,71.34,88.37,9971,6768,3203,6260,0,0,313,313,306,313,313,306,17.53,57.95,1.32,67.9,32.1,97.8,97.8,100,100,1.23,1.42,-0.19,17.03,0,1685
478,PUNJAB,81.06,75.73,85.9,227173,98944,127487,183543,145,63,2161,2161,2161,2140,2127,2148,25.26,0,2.2,43.6,56.1,99.4,100,100,99,2.02,2.34,-0.33,10.17,13,16106
471,PUNJAB,77.2,72.75,81.2,373596,355375,14219,205882,305,123,2251,2251,2251,2218,2184,2203,30.95,0,1.75,95.1,3.8,97.9,100,100,98.5,1.66,1.82,-0.16,8.45,34,22246
481,PUNJAB,80.18,75.36,84.6,117749,59799,57950,62529,79,36,1073,1072,1072,1066,1058,1067,33.95,0,2.78,50.8,49.2,99.4,99.9,99.9,99.3,2.69,2.85,-0.16,9.24,8,8265
480,PUNJAB,82.4,78.31,86.1,302486,133065,17244,164181,263,124,2228,2228,2228,2194,2159,2226,38.95,0,1.79,44,5.7,99.9,100,100,98.5,1.89,1.71,0.17,7.79,35,18804
479,PUNJAB,85.43,80.78,89.9,217179,105719,111400,121442,146,39,2286,2286,2281,2279,2255,2286,35.14,0,2.71,48.7,51.3,100,99.8,100,99.7,2.72,2.69,0.03,9.12,24,15474
488,PUNJAB,83.28,77.17,88.9,90156,45151,4836,52150,92,28,1019,1019,1019,1016,1011,1014,26.42,0,3.25,50.1,5.4,99.5,100,100,99.7,3.05,3.41,-0.35,11.73,5,6312
475,PUNJAB,80.33,75.53,84.5,77779,39160,3173,45474,39,8,833,833,833,827,825,833,32.07,0,4.65,50.3,4.1,100,100,100,99.3,4.72,4.59,0.13,8.97,2,5927
482,PUNJAB,82.54,78.16,86.3,544178,173597,369865,280799,335,99,2961,2961,2961,2928,2903,2939,26.39,0,1.43,31.9,68,99.3,100,100,98.9,1.58,1.32,0.26,8.14,25,33593
484,PUNJAB,71.59,67.41,75.3,138876,95537,43339,77168,169,85,857,857,857,843,828,857,36.5,0,2.73,68.8,31.2,100,100,100,98.4,2.59,2.85,-0.27,7.89,15,8270
477,PUNJAB,69.85,62.24,76.7,141233,77893,63340,181175,280,70,1118,1118,1115,1112,1105,1115,42.17,0,3.38,55.2,44.8,99.7,99.7,100,99.5,3.21,3.52,-0.31,14.46,7,7595
485,PUNJAB,66.79,60.03,72.9,126576,72755,53821,75085,174,32,783,783,783,770,768,777,42.31,0,1.72,57.5,42.5,99.2,100,100,98.3,1.68,1.75,-0.06,12.87,2,7665
474,PUNJAB,70.65,64.82,75.9,89417,49671,39746,50013,48,30,560,559,560,554,552,560,38.92,0,2.65,55.5,44.5,100,100,99.8,98.9,2.21,3.01,-0.8,11.08,2,5566
473,PUNJAB,69.57,62.92,75.3,188231,99289,88942,109398,193,48,1019,1019,1019,1010,992,1018,32.44,0,3.19,52.7,47.3,99.9,100,100,99.1,3.15,3.21,-0.06,12.38,18,11219
483,PUNJAB,62.78,56.41,68.4,109805,71621,36007,61210,139,59,677,677,677,663,658,677,33.63,0,2.15,65.2,32.8,100,100,100,97.9,1.78,2.45,-0.67,11.99,5,6113
490,PUNJAB,68.88,62.86,74.2,224907,106047,117117,131199,184,50,1560,1560,1560,1551,1546,1560,27.89,0,1.91,47.2,52.1,100,100,100,99.4,1.59,2.17,-0.58,11.34,5,14749
487,PUNJAB,76.26,70.47,81.4,273899,122187,151671,154215,253,67,2035,2033,2032,2015,1992,2035,24.55,0,2.23,44.6,55.4,100,99.9,99.9,99,1.99,2.42,-0.43,10.93,23,18329
472,PUNJAB,68.9,64.14,73.1,83134,42364,40770,47135,81,33,470,470,470,465,460,470,32.24,0,1.3,51,49,100,100,100,98.9,1.1,1.46,-0.36,8.96,5,5121
476,PUNJAB,,,,154963,94643,60234,,228,56,1063,1063,1063,1060,1052,1062,,,2.46,61.1,38.9,99.9,100,100,99.7,2.38,2.52,-0.15,,8,8753
486,PUNJAB,,,,89530,42706,46590,,19,16,802,802,799,798,796,802,,,0.85,47.7,52,100,99.6,100,99.5,0.76,0.92,-0.16,,2,6670
108,CHANDIGARH,86.43,81.38,90.54,157921,101884,55040,87957,0,0,201,201,201,200,198,201,18.86,0,2.48,64.5,34.9,100,100,100,99.5,2.12,2.78,-0.67,9.16,2,9309
688,UTTARAKHAND,75.98,62.23,89.26,59660,35084,24544,35056,26,16,1352,1239,822,1332,1329,835,24.41,1.06,0.93,58.8,41.1,61.8,60.8,91.6,98.5,0.81,1.04,-0.23,27.03,3,5235
678,UTTARAKHAND,83.48,73.2,94.18,60609,40429,19459,38145,14,19,1640,1616,660,1623,1613,1206,20.25,3.13,0.98,66.7,32.1,73.5,40.2,98.5,99,0.82,1.13,-0.32,20.98,10,7023
685,UTTARAKHAND,82.09,70.94,94.97,39155,25228,13927,23314,8,4,986,981,716,976,978,832,19.68,0.16,1.5,64.4,35.6,84.4,72.6,99.5,99,1.61,1.4,0.22,24.03,-2,4268
686,UTTARAKHAND,75.1,61.77,89.91,100349,63566,35571,62483,38,41,2471,2321,1619,2377,2334,1816,16.5,0.14,0.77,63.3,35.4,73.5,65.5,93.9,96.2,0.7,0.84,-0.13,28.14,43,10513
680,UTTARAKHAND,85.24,79.61,90.32,281893,85008,194612,149859,413,156,2449,2427,2233,2427,2388,2008,13.49,6.58,0.49,30.2,69,82,91.2,99.1,99.1,0.43,0.53,-0.1,10.71,39,12948
681,UTTARAKHAND,82.59,73.26,93.18,98256,55602,42654,61427,45,48,2676,2517,1729,2624,2594,1814,17.8,0.32,0.51,56.6,43.4,67.8,64.6,94.1,98.1,0.52,0.49,0.03,19.92,30,11208
684,UTTARAKHAND,82.93,72.97,93.45,72897,41262,30069,46685,17,16,1987,1848,953,1756,1889,1501,24.9,4.04,1.15,56.6,41.2,75.5,48,93,88.4,1.07,1.23,-0.17,20.48,-133,8673
677,UTTARAKHAND,80.69,69.59,93.2,40231,25558,14626,26538,44,23,995,942,732,970,948,653,27.73,0.76,0.74,63.5,36.4,65.6,73.6,94.7,97.5,0.72,0.76,-0.04,23.61,22,3428
676,UTTARAKHAND,81.06,70.44,93.57,89753,55892,33052,58705,82,7,2241,2210,1320,2214,2195,1468,24.26,0.21,0.62,62.3,36.8,65.5,58.9,98.6,98.8,0.48,0.76,-0.29,23.13,19,7878
679,UTTARAKHAND,80.73,68.81,92.65,44852,28094,16758,27769,29,31,854,801,489,850,843,628,18.25,0.52,0.71,62.6,37.4,73.5,57.3,93.8,99.5,0.67,0.75,-0.09,23.84,7,3676
683,UTTARAKHAND,84.85,78.21,91.09,158884,67228,88636,90422,207,71,1991,1966,1658,1814,1830,1642,20.03,0.79,0.35,42.3,55.8,82.5,83.3,98.7,91.1,0.34,0.36,-0.01,12.88,-16,10085
687,UTTARAKHAND,74.44,65.73,82.48,323937,116752,195079,171235,384,153,2105,2087,1917,2011,1997,2005,14.45,7.46,0.5,36,60.2,95.2,91.1,99.1,95.5,0.45,0.54,-0.09,16.75,14,14612
682,UTTARAKHAND,74.62,65.96,82.26,342197,117506,198089,214392,638,201,1913,1881,1666,1892,1788,1806,21.76,0.33,0.32,34.3,57.9,94.4,87.1,98.3,98.9,0.25,0.38,-0.13,16.3,104,9827
189,HARYANA,83.44,77.48,88.65,90031,46706,42378,47718,144,12,554,554,519,548,545,511,18.14,0,0.98,51.9,47.1,92.2,93.7,100,98.9,0.92,1.03,-0.11,11.17,3,4789
174,HARYANA,82.89,76.64,88.47,151767,65337,82777,91412,180,32,1083,1083,1083,1067,1049,1078,26.26,0,0.84,43.1,54.5,99.5,100,100,98.5,0.75,0.92,-0.17,11.83,18,9139
195,HARYANA,78.93,71.99,85.06,159168,71104,84014,104733,196,81,1287,1287,1259,1273,1268,1246,25.26,0,0.94,44.7,52.8,96.8,97.8,100,98.9,0.79,1.07,-0.28,13.07,5,8411
185,HARYANA,76.7,69.18,83.46,135462,64724,62798,83701,201,55,1083,1083,1081,1072,1054,1077,22.3,0,0.98,47.8,46.4,99.4,99.8,100,99,0.84,1.09,-0.26,14.28,18,8147
183,HARYANA,70.56,60.69,79.33,159659,80429,75541,98610,141,49,918,911,887,866,837,907,23.04,0,1.25,50.4,47.3,98.8,96.6,99.2,94.3,1.16,1.33,-0.18,18.64,29,9180
184,HARYANA,76.44,68.29,83.73,229568,99137,113136,138652,199,79,1346,1345,1301,1327,1306,1324,22.56,0,0.78,43.2,49.3,98.4,96.7,99.9,98.6,0.74,0.82,-0.07,15.44,21,13109
190,HARYANA,77.46,68.23,85.45,182944,67125,99178,123965,171,52,790,790,775,754,734,784,17.11,0,0.8,36.7,54.2,99.2,98.1,100,95.4,0.69,0.9,-0.21,17.22,20,8763
194,HARYANA,80.83,70.88,89.4,213429,80210,129213,136200,185,31,1260,1260,1257,1224,1203,1239,18.62,0,1.09,37.6,60.5,98.3,99.8,100,97.1,1.04,1.12,-0.08,18.52,21,13680
182,HARYANA,72.73,61.58,82.49,184539,91214,92457,121965,111,41,1091,1091,1073,1032,979,1059,21.16,0,0.85,49.4,50.1,97.1,98.4,100,94.6,0.74,0.94,-0.2,20.91,53,10732
178,HARYANA,69.13,59.29,78.1,139636,77364,54053,87705,163,64,911,911,908,873,839,895,30.19,0,0.9,55.4,38.7,98.2,99.7,100,95.8,0.79,0.98,-0.19,18.81,34,7225
193,HARYANA,70.35,61.16,78.64,188907,108003,77232,114700,218,50,1159,1158,1144,1074,1039,1142,29.91,0,1.17,57.2,40.9,98.5,98.7,99.9,92.7,1.01,1.31,-0.3,17.48,35,9921
180,HARYANA,73.24,62.31,82.79,241866,109317,119585,157014,148,37,1483,1483,1475,1380,1302,1462,23.44,0,0.75,45.2,49.4,98.6,99.5,100,93.1,0.64,0.85,-0.21,20.48,78,15957
175,HARYANA,76.74,64.8,87.39,232710,103455,128458,154583,154,37,1671,1670,1630,1598,1535,1634,20.87,0,0.89,44.5,55.2,97.8,97.5,99.9,95.6,0.76,1,-0.24,22.59,63,15314
192,HARYANA,80.37,71.19,88.42,136887,47027,88352,93572,196,56,766,766,766,715,692,765,20.44,0,0.72,34.4,64.5,99.9,100,100,93.3,0.67,0.77,-0.09,17.23,23,8001
181,HARYANA,80.83,70.96,89.44,135248,40722,92509,86857,113,9,894,894,887,869,842,890,17.79,0,0.43,30.1,68.4,99.6,99.2,100,97.2,0.4,0.45,-0.04,18.48,27,9273
186,HARYANA,78.87,65.25,91.28,117341,47072,69643,80266,63,19,1053,1052,987,1018,993,1004,16.95,0,0.95,40.1,59.4,95.3,93.7,99.9,96.7,0.91,0.98,-0.07,26.03,25,8580
191,HARYANA,82.23,70.54,92.92,122270,47112,71768,81555,90,19,933,933,914,911,895,917,20.28,0,0.69,38.5,58.7,98.3,98,100,97.6,0.59,0.78,-0.19,22.38,16,8056
179,HARYANA,84.44,77.64,90.27,229219,85929,140319,145143,275,70,959,959,945,898,880,947,13.07,0,0.44,37.5,61.2,98.7,98.5,100,93.6,0.34,0.53,-0.19,12.63,18,10013
177,HARYANA,83.04,75.17,89.94,300394,80128,219766,185456,297,82,1032,1030,1011,1003,985,1021,12.37,0,0.25,26.7,73.2,98.9,98,99.8,97.2,0.24,0.27,-0.02,14.77,18,11474
187,HARYANA,56.14,37.58,72.98,195218,160127,34475,181013,351,184,992,989,889,925,879,938,6.91,0,0.69,82,17.7,94.6,89.6,99.7,93.2,0.57,0.78,-0.21,35.4,46,6155
188,HARYANA,70.32,56.4,82.6,184681,91509,93079,130641,167,77,1003,1003,935,963,932,984,19.48,0,0.69,49.5,50.4,98.1,93.2,100,96,0.59,0.78,-0.2,26.2,31,9051
428,NCT OF DELHI,89.38,84.83,93.04,57254,25617,31637,9085,5,1,95,95,95,87,83,95,23.41,0,0.81,44.7,55.3,100,100,100,91.6,0.63,0.99,-0.36,8.21,4,3613
507,RAJASTHAN,70.25,60.07,79.33,312292,153800,158386,187904,262,80,3237,3226,2443,3232,3199,2644,36.59,0.68,1.78,49.2,50.7,81.7,75.5,99.7,99.8,1.49,2.02,-0.53,19.26,33,19968
508,RAJASTHAN,68.37,56.91,78.82,288090,127082,159900,168621,259,83,2155,2148,1790,2154,2138,1925,27.85,0.81,1.2,44.1,55.5,89.3,83.1,99.7,100,1.03,1.35,-0.31,21.91,16,16227
500,RAJASTHAN,65.92,53.77,76.9,429601,192745,232016,301459,615,66,3386,3377,1849,3358,3285,2678,20.88,0.33,1.06,44.9,54,79.1,54.6,99.7,99.2,0.94,1.16,-0.22,23.13,73,20970
503,RAJASTHAN,67.46,54.25,79.95,372772,161276,205487,236482,453,82,2667,2656,2014,2659,2609,2218,22.15,0.55,0.61,43.3,55.1,83.2,75.5,99.6,99.7,0.57,0.66,-0.09,25.7,50,20009
513,RAJASTHAN,74.72,61.15,87.88,347288,107306,237466,214951,242,77,3012,3012,2425,3010,2978,2546,16.88,1.95,0.63,30.9,68.4,84.5,80.5,100,99.9,0.51,0.73,-0.22,26.73,32,22884
494,RAJASTHAN,71.68,56.78,85.08,671048,300623,363984,432430,796,119,5269,4505,3072,5268,5205,4230,17.77,7.87,0.76,44.8,54.2,80.3,58.3,85.5,100,0.67,0.84,-0.17,28.3,63,35860
498,RAJASTHAN,71.16,54.63,85.7,457541,199382,254638,323154,533,107,3267,3002,1904,3227,3152,2533,21.87,2.12,0.93,43.6,55.7,77.5,58.3,91.9,98.8,0.84,1.01,-0.17,31.07,75,23770
505,RAJASTHAN,70.14,55.45,82.53,282662,144034,135225,162479,483,55,1811,1769,749,1811,1804,1564,20.36,4.86,0.71,51,47.8,86.4,41.4,97.7,100,0.62,0.79,-0.17,27.08,7,11464
515,RAJASTHAN,67.34,49.18,82.96,280956,130840,147923,179356,476,102,2242,2078,879,2241,2223,1709,24.31,22.28,0.83,46.6,52.6,76.2,39.2,92.7,100,0.88,0.78,0.1,33.78,18,12537
521,RAJASTHAN,66.19,47.8,82.72,239929,102316,126496,149291,180,28,2032,1963,1260,2023,1979,1615,20.87,21.4,1.35,42.6,52.7,79.5,62,96.6,99.6,1.45,1.27,0.18,34.92,44,14098
504,RAJASTHAN,69.17,52.33,84.54,311127,142484,166952,191176,378,79,2624,2550,1131,2616,2558,2166,21.68,26.51,1.13,45.8,53.7,82.5,43.1,97.2,99.7,0.96,1.29,-0.32,32.21,58,15632
509,RAJASTHAN,76.44,64.63,87.27,1201598,337899,843382,696382,972,190,9113,8939,6190,9095,8941,7924,15.14,7.97,0.74,28.1,70.2,87,67.9,98.1,99.8,0.69,0.78,-0.09,22.64,154,71009
522,RAJASTHAN,72.98,58.76,86.66,455099,167832,276431,282734,370,91,3753,3703,2322,3739,3694,3122,15.64,2.81,0.51,36.9,60.7,83.2,61.9,98.7,99.6,0.44,0.57,-0.13,27.9,45,27853
517,RAJASTHAN,64.08,48.63,78.9,607084,271889,316061,374543,667,122,5026,4975,2623,4989,4809,3886,21.16,0.32,0.87,44.8,52.1,77.3,52.2,99,99.3,0.73,0.99,-0.27,30.27,180,31674
514,RAJASTHAN,67.09,52.57,80.46,690345,295170,383841,451275,986,102,5772,5677,3046,5763,5648,4445,16.49,3.23,0.79,42.8,55.6,77,52.8,98.4,99.8,0.66,0.91,-0.24,27.89,115,36067
510,RAJASTHAN,58.04,40.23,73.09,140125,93069,42329,98543,488,47,1714,1672,633,1704,1669,1053,14.8,6.33,0.59,66.4,30.2,61.4,36.9,97.5,99.4,0.59,0.58,0.01,32.86,35,6033
497,RAJASTHAN,57.49,41.03,72.32,553913,408651,127240,375398,2060,238,6020,5848,2079,6001,5932,4084,16.76,6.77,0.89,73.8,23,67.8,34.5,97.1,99.7,0.79,0.98,-0.19,31.29,69,20241
511,RAJASTHAN,55.58,38.73,71.83,355573,212954,141082,237489,709,106,2862,2815,1468,2859,2810,2090,19.53,9.77,0.72,59.9,39.7,73,51.3,98.4,99.9,0.58,0.83,-0.25,33.1,49,14891
523,RAJASTHAN,56.02,40.12,71.09,178076,112076,65542,129979,339,40,1326,1283,883,1319,1249,1102,19.48,28.22,1.18,62.9,36.8,83.1,66.6,96.8,99.5,0.97,1.34,-0.37,30.97,70,8191
518,RAJASTHAN,63.23,48.35,78.16,350914,195984,152887,224607,333,58,2915,2895,2086,2908,2832,2361,19.54,7.1,1.15,55.8,43.6,81,71.6,99.3,99.8,1.04,1.24,-0.2,29.81,76,19550
493,RAJASTHAN,70.46,56.42,83.93,440529,221433,212192,280416,397,68,3300,3300,2450,3287,3127,2735,18.51,2.46,0.92,50.3,48.2,82.9,74.2,100,99.6,0.82,1.01,-0.19,27.51,160,24321
524,RAJASTHAN,62.46,46.01,78.27,236742,111596,111375,153379,125,20,2572,2536,1578,2537,2473,2046,20.26,12.54,1.23,47.1,47,79.5,61.4,98.6,98.6,1.07,1.38,-0.31,32.26,64,16555
501,RAJASTHAN,62.31,47,76.52,181398,104858,74313,117986,179,41,1974,1932,1133,1972,1938,1507,18.97,20.57,1.15,57.8,41,76.3,57.4,97.9,99.9,1.06,1.23,-0.18,29.52,34,11863
499,RAJASTHAN,62.71,47.93,77.16,405821,261185,139610,270071,597,104,4214,4120,2284,4214,4073,3390,16.94,9.52,1.17,64.4,34.4,80.4,54.2,97.8,100,0.97,1.34,-0.37,29.23,141,21351
520,RAJASTHAN,63.93,48.44,79.52,212737,151984,60408,132141,302,73,2270,2266,1418,2269,2228,1872,12.81,13.9,1.31,71.4,28.4,82.5,62.5,99.8,100,1.2,1.4,-0.2,31.08,41,11448
525,RAJASTHAN,62.74,49.1,75.91,524431,380159,142896,373407,1385,131,5285,5031,2113,5248,5152,3563,6.14,49.71,0.9,72.5,27.2,67.4,40,95.2,99.3,0.79,0.99,-0.2,26.81,96,26324
506,RAJASTHAN,60.78,46.98,74.66,277130,218326,57962,181413,788,153,2980,2820,1010,2951,2919,2463,3.76,70.83,0.7,78.8,20.9,82.7,33.9,94.6,99,0.62,0.77,-0.15,27.68,32,12920
495,RAJASTHAN,57.2,43.47,70.8,358606,282917,73977,241681,1076,89,3638,3495,1043,3638,3610,2864,4.46,76.38,1.77,78.9,20.6,78.7,28.7,96.1,100,1.79,1.76,0.04,27.33,28,15963
502,RAJASTHAN,62.51,46.98,77.74,235553,152456,81162,159859,302,50,2638,2575,1460,2637,2568,2119,16.2,13.05,1.81,64.7,34.5,80.3,55.3,97.6,100,1.49,2.1,-0.61,30.76,69,14112
516,RAJASTHAN,77.48,66.32,87.63,306517,107626,191379,187475,162,27,2414,2402,1726,2414,2385,2198,20.78,9.42,0.59,35.1,62.4,91.1,71.5,99.5,100,0.48,0.68,-0.2,21.31,29,20941
496,RAJASTHAN,67.38,52.48,81.23,222103,126256,90676,137248,308,47,2270,1982,956,2263,2223,1512,18.09,22.64,1.08,56.8,40.8,66.6,42.1,87.3,99.7,0.89,1.25,-0.36,28.75,40,12180
512,RAJASTHAN,62.13,47.06,76.47,242529,155692,83544,156185,341,47,2291,2209,1013,2291,2263,1588,17.26,12.91,0.88,64.2,34.4,69.3,44.2,96.4,100,0.55,1.17,-0.62,29.41,28,12560
663,UTTAR PRADESH,72.03,63.3,79.77,562658,182823,359599,387754,1056,390,4136,4039,2777,4116,4089,4069,22.05,0.03,0.69,32.5,63.9,98.4,67.1,97.7,99.5,0.54,0.83,-0.29,16.47,27,18523
658,UTTAR PRADESH,70.11,60,79.11,405045,151472,251767,490104,1026,264,2831,2830,2019,2816,2763,2770,13.55,0.01,0.47,37.4,62.2,97.8,71.3,100,99.5,0.4,0.53,-0.13,19.11,53,12185
616,UTTAR PRADESH,70.43,61.45,78.7,665816,213419,434603,427328,1508,471,5054,5039,2431,5021,4957,5015,21.38,0.08,0.85,32.1,65.3,99.2,48.1,99.7,99.3,0.78,0.93,-0.15,17.25,64,19930
657,UTTAR PRADESH,58.67,49.63,66.83,596595,173125,385935,596139,1215,305,3606,3605,1679,3582,3546,3566,15.33,0.01,0.78,29,64.7,98.9,46.6,100,99.3,0.76,0.81,-0.05,17.2,36,19452
662,UTTAR PRADESH,55.08,46.19,63.1,464444,182335,244415,288518,1472,396,3313,3275,1326,3253,3235,3192,13.18,0.02,0.59,39.3,52.6,96.3,40,98.9,98.2,0.45,0.72,-0.26,16.91,18,10186
639,UTTAR PRADESH,65.7,53.77,76.53,384034,109468,250952,227441,867,268,2922,2920,1614,2906,2880,2876,17.28,0.01,0.54,28.5,65.3,98.4,55.2,99.9,99.5,0.51,0.57,-0.06,22.76,26,11965
655,UTTAR PRADESH,74.8,65.69,82.91,516812,140979,351967,376978,1062,268,2880,2841,2137,2850,2804,2873,18.12,0.1,0.81,27.3,68.1,99.8,74.2,98.6,99,0.79,0.84,-0.05,17.22,46,15072
608,UTTAR PRADESH,73.54,61.22,84.17,225943,71595,153498,146395,494,154,1166,1166,808,1162,1142,1145,11.44,0,0.43,31.7,67.9,98.2,69.3,100,99.7,0.44,0.42,0.02,22.95,20,4943
629,UTTAR PRADESH,85,81.42,88.16,484714,107821,374932,504940,823,237,1720,1720,1296,1705,1688,1705,16.52,0.09,0.41,22.2,77.4,99.1,75.3,100,99.1,0.38,0.44,-0.06,6.74,17,9344
628,UTTAR PRADESH,82.2,72.78,90.23,355272,78281,276991,183240,612,118,1518,1509,1232,1510,1486,1465,13.11,0.13,0.52,22,78,96.5,81.2,99.4,99.5,0.48,0.57,-0.09,17.45,24,9148
618,UTTAR PRADESH,70.23,56.6,82.52,566047,201933,363265,411587,1365,289,4051,4037,2170,4022,3952,3865,20.74,0.01,0.46,35.7,64.2,95.4,53.6,99.7,99.3,0.4,0.53,-0.13,25.92,70,17019
602,UTTAR PRADESH,69.61,57.48,80.24,563802,218259,332418,437135,1388,365,4200,4169,1973,4183,4146,4119,20.56,0.02,0.45,38.7,59,98.1,47,99.3,99.6,0.39,0.51,-0.12,22.76,37,19401
653,UTTAR PRADESH,72.65,58.93,84.39,526632,147454,377142,303652,947,243,3255,3107,1788,3239,3219,3022,19.89,0.06,0.49,28,71.6,92.8,54.9,95.5,99.5,0.42,0.56,-0.13,25.46,20,14867
601,UTTAR PRADESH,69.44,59.16,78.32,705266,250782,451265,513000,1732,469,4896,4842,2933,4878,4832,4789,22.43,0.16,0.5,35.6,64,97.8,59.9,98.9,99.6,0.41,0.58,-0.17,19.16,46,19528
627,UTTAR PRADESH,74.6,64.8,83.08,402974,153494,245945,295716,1073,266,3259,3223,1655,3239,3225,3214,18.97,0.1,0.85,38.1,61,98.6,50.8,98.9,99.4,0.79,0.91,-0.12,18.28,14,12655
622,UTTAR PRADESH,73.27,61.72,83.21,371071,147409,222480,217308,760,168,3126,3108,1009,3120,3088,3017,15.84,0.01,0.44,39.7,60,96.5,32.3,99.4,99.8,0.4,0.46,-0.06,21.49,32,14700
652,UTTAR PRADESH,78.26,68.35,86.93,378402,140982,237420,215387,700,209,3525,3462,1237,3509,3489,3351,19.71,0.03,0.54,37.3,62.7,95.1,35.1,98.2,99.5,0.48,0.59,-0.11,18.58,20,16611
617,UTTAR PRADESH,52.91,41.76,62.39,538830,334398,179200,503747,1917,399,3407,3380,1092,3386,3359,3316,16.91,0,0.8,62.1,33.3,97.3,32.1,99.2,99.4,0.7,0.89,-0.19,20.63,27,13110
614,UTTAR PRADESH,60.52,50.35,69.47,785984,336189,444857,533322,2261,370,4366,4301,1454,4323,4287,4330,12.53,0.07,0.32,42.8,56.6,99.2,33.3,98.5,99,0.28,0.36,-0.08,19.12,36,19436
659,UTTAR PRADESH,63.58,52.43,73.46,338027,206621,121317,235216,1330,414,2554,2551,1086,2544,2522,2536,16.42,0.08,0.92,61.1,35.9,99.3,42.5,99.9,99.6,0.97,0.88,0.09,21.03,22,7544
667,UTTAR PRADESH,61.61,51.73,70.09,644510,368869,252548,383380,2063,567,4479,4438,1434,4438,4418,4265,17.72,0.02,0.83,57.2,39.2,95.2,32,99.1,99.1,0.77,0.88,-0.11,18.36,20,15986
645,UTTAR PRADESH,62.71,52.62,71.58,714745,524898,179370,508686,2589,684,4872,4823,1449,4855,4825,4727,26.4,1.33,1.17,73.4,25.1,97,29.7,99,99.7,1.02,1.3,-0.28,18.96,30,17744
671,UTTAR PRADESH,63.38,52.8,72.61,1035255,558464,449564,570369,2943,790,5522,5407,1534,5495,5465,5522,32.26,0.04,0.92,53.9,43.4,100,27.8,97.9,99.5,0.88,0.96,-0.08,19.81,30,20510
635,UTTAR PRADESH,68.89,59.17,77.2,815203,502172,308106,493668,2927,657,5480,5458,1250,5461,5426,5073,31.14,0.01,0.23,61.6,37.8,92.6,22.8,99.6,99.7,0.2,0.25,-0.05,18.03,35,20110
674,UTTAR PRADESH,68.29,58.54,77.06,436038,242133,179083,334600,1274,197,4406,4387,1747,4387,4341,4406,30.52,0.09,0.81,55.5,41.1,100,39.7,99.6,99.6,0.75,0.86,-0.11,18.52,46,16864
648,UTTAR PRADESH,79.33,73.88,84.27,1099270,180542,904053,415978,2091,761,4840,4809,2901,4770,4684,4650,20.66,0.16,0.39,16.4,82.2,96.1,59.9,99.4,98.6,0.37,0.41,-0.04,10.39,86,19038
661,UTTAR PRADESH,69.04,58.06,79.39,495172,244223,248784,374534,1454,269,3476,3408,1438,3467,3432,3260,30.26,0.05,0.45,49.3,50.2,93.8,41.4,98,99.7,0.39,0.5,-0.11,21.33,35,12379
625,UTTAR PRADESH,70.57,60.51,79.34,385391,167975,206264,230443,928,235,2705,2671,888,2687,2659,2437,16.59,0.01,0.92,43.6,53.5,90.1,32.8,98.7,99.3,0.88,0.96,-0.09,18.83,28,11541
640,UTTAR PRADESH,74.01,64.46,82.36,326138,131976,184650,196720,1010,187,2533,2530,1035,2517,2495,2303,18.71,0,0.75,40.5,56.6,90.9,40.9,99.9,99.4,0.65,0.83,-0.18,17.9,22,10111
623,UTTAR PRADESH,79.99,71.16,87.64,311574,106691,201569,172094,730,194,3098,3082,1436,3088,3066,3034,24.55,0.01,1.28,34.2,64.7,97.9,46.4,99.5,99.7,1.21,1.35,-0.13,16.48,22,11957
606,UTTAR PRADESH,80.25,71.97,87.37,295099,110452,182869,153272,732,200,2499,2499,1224,2494,2472,2376,28.39,0.01,1.01,37.4,62,95.1,49,100,99.8,0.81,1.2,-0.38,15.4,22,9649
641,UTTAR PRADESH,77.52,68.48,85.27,226156,144018,79000,192708,317,126,2821,2819,852,2807,2800,2697,25.64,0.05,1.49,63.7,34.9,95.6,30.2,99.9,99.5,1.25,1.73,-0.48,16.79,7,11842
642,UTTAR PRADESH,81.31,76.89,85.07,748981,162411,567817,388907,1310,489,4643,4643,2141,4606,4563,4619,17.83,0.08,0.54,21.7,75.8,99.5,46.1,100,99.2,0.47,0.61,-0.13,8.18,43,19282
636,UTTAR PRADESH,75.16,63.88,84.89,276764,136209,137908,178869,1139,164,2736,2736,1222,2626,2579,2567,27.7,0.05,0.25,49.2,49.8,93.8,44.7,100,96,0.2,0.3,-0.09,21.01,47,9235
638,UTTAR PRADESH,76.37,64.88,86.58,326477,161107,162078,197752,618,147,2577,2512,1548,2512,2477,2489,28.15,0.19,0.35,49.3,49.6,96.6,60.1,97.5,97.5,0.32,0.37,-0.05,21.7,35,13677
647,UTTAR PRADESH,64.95,52.26,76.41,260999,189912,71087,159999,936,213,1973,1973,803,1942,1931,1885,19.69,5.86,0.37,72.8,27.2,95.5,40.7,100,98.4,0.34,0.4,-0.05,24.15,11,7874
650,UTTAR PRADESH,66.94,54.65,77.72,162594,101292,59754,98872,555,120,1380,1380,852,1366,1367,1365,25.22,0.07,2.53,62.3,36.8,98.9,61.7,100,99,2.38,2.67,-0.28,23.07,-1,4487
612,UTTAR PRADESH,68.11,54.95,79.38,363167,245847,113592,226585,1045,261,2547,2547,723,2482,2458,2363,21.56,0.01,0.87,67.7,31.3,92.8,28.4,100,97.4,0.76,0.97,-0.21,24.43,24,10087
620,UTTAR PRADESH,66.52,54.03,77.42,232003,146148,85855,136318,818,102,1749,1680,663,1728,1715,1629,26.89,0.04,0.9,63,37,93.1,37.9,96.1,98.8,0.8,0.99,-0.2,23.39,13,6276
626,UTTAR PRADESH,68.78,57.76,78.69,421160,224056,193842,302359,1087,216,3967,3838,1071,3943,3910,3754,24.75,0.01,0.82,53.2,46,94.6,27,96.7,99.4,0.68,0.95,-0.26,20.93,33,16346
660,UTTAR PRADESH,73.1,60.99,85.29,734708,236654,477727,355572,1739,859,4543,4485,1326,4530,4490,4256,22.1,0.02,0.83,32.2,65,93.7,29.2,98.7,99.7,0.78,0.89,-0.12,24.3,40,15452
644,UTTAR PRADESH,63.69,50.76,75.35,254902,145904,102604,211589,869,144,2001,1926,989,1995,1975,1963,34.72,0.01,2.29,57.2,40.3,98.1,49.4,96.3,99.7,1.96,2.6,-0.64,24.59,20,7287
603,UTTAR PRADESH,74.41,62.67,85,1077434,422427,641522,679031,2177,803,5629,5578,2156,5602,5535,5455,22,0.13,0.86,39.2,59.5,96.9,38.3,99.1,99.5,0.71,1.02,-0.3,22.33,67,29538
613,UTTAR PRADESH,63.76,54.1,72.49,510033,353504,150403,396332,1382,280,3830,3768,1348,3819,3783,3830,26.52,0.02,0.97,69.3,29.5,100,35.2,98.4,99.7,0.78,1.16,-0.38,18.39,36,17337
624,UTTAR PRADESH,70.63,60.72,80.21,484939,209283,262856,276755,1172,214,3581,3545,1404,3516,3400,3397,22.46,0.04,0.74,43.2,54.2,94.9,39.2,99,98.2,0.67,0.81,-0.13,19.49,116,17561
604,UTTAR PRADESH,74.37,64.62,83.95,482161,170664,264532,263646,1201,299,3410,3279,1198,3390,3310,3263,24.65,0.03,0.52,35.4,54.9,95.7,35.1,96.2,99.4,0.47,0.58,-0.12,19.33,80,15006
673,UTTAR PRADESH,71.14,60.17,81.99,445630,231206,206037,437759,1547,257,3395,3269,1102,3339,3293,3260,22.43,0.02,1.69,51.9,46.2,96,32.5,96.3,98.4,1.56,1.81,-0.25,21.82,46,13463
609,UTTAR PRADESH,51.1,40.76,60.23,643581,475719,155333,504284,2462,609,4143,4060,934,4138,4098,3729,14.6,0.32,0.42,73.9,24.1,90,22.5,98,99.9,0.35,0.47,-0.12,19.47,40,13757
669,UTTAR PRADESH,49.13,37.07,59.55,215793,146614,53778,162843,924,212,1591,1529,202,1579,1566,1499,16.95,0.5,0.91,67.9,24.9,94.2,12.7,96.1,99.2,0.94,0.89,0.05,22.48,13,4994
611,UTTAR PRADESH,51.76,40.92,61.66,424050,244977,168171,307873,1463,224,2639,2585,414,2636,2617,2486,12.9,1.16,0.22,57.8,39.7,94.2,15.7,98,99.9,0.19,0.25,-0.07,20.74,19,7946
631,UTTAR PRADESH,61.16,49.13,72.23,663830,345806,266401,441967,2347,448,4472,4425,1124,4445,4401,3977,15.49,0.03,0.92,52.1,40.1,88.9,25.1,98.9,99.4,0.81,1.03,-0.23,23.1,44,18879
670,UTTAR PRADESH,61.81,49.61,73.79,465197,318894,100989,378048,1871,457,3244,3179,1081,3222,3194,3117,15.97,0.47,1.48,68.6,21.7,96.1,33.3,98,99.3,1.29,1.66,-0.37,24.18,28,9800
615,UTTAR PRADESH,69.69,58.35,80.65,481086,207249,263852,304989,1457,254,3233,3233,1683,3223,3167,3134,20.86,0.15,1.17,43.1,54.8,96.9,52.1,100,99.7,0.84,1.51,-0.66,22.3,56,11537
665,UTTAR PRADESH,69.01,56.99,80.72,312846,136254,143757,223248,819,262,1999,1944,707,1986,1954,1961,21.52,0.09,0.75,43.6,46,98.1,35.4,97.2,99.3,0.68,0.81,-0.13,23.73,32,7066
632,UTTAR PRADESH,73.25,61.54,84.38,717730,337163,368921,491751,1770,432,4415,4383,1799,4394,4334,4226,21.08,0.41,0.63,47,51.4,95.7,40.7,99.3,99.5,0.57,0.69,-0.12,22.84,60,19892
646,UTTAR PRADESH,67.66,54.74,80.1,657910,297703,322619,441417,2215,366,4128,4014,1316,4128,4092,3974,15.27,2.25,0.87,45.2,49,96.3,31.9,97.2,100,0.74,1.01,-0.27,25.36,36,15606
621,UTTAR PRADESH,73.53,61.34,86.07,552984,251294,296526,363087,1203,230,3934,3736,1274,3916,3843,3795,15.11,3.54,0.87,45.4,53.6,96.5,32.4,95,99.5,0.69,1.06,-0.37,24.73,73,19760
607,UTTAR PRADESH,72.69,62.65,83.08,907064,421632,452776,559105,2128,481,5358,5342,1858,5325,5227,5142,25.39,0.2,0.51,46.5,49.9,96,34.7,99.7,99.4,0.45,0.57,-0.12,20.43,98,25081
654,UTTAR PRADESH,75.16,65.59,84.61,410606,165732,220895,271464,831,253,2376,2360,1113,2374,2339,2050,21.51,1.04,0.63,40.4,53.8,86.3,46.8,99.3,99.9,0.6,0.66,-0.06,19.02,35,9506
610,UTTAR PRADESH,73.82,61.72,85.19,576715,345252,224704,373589,1321,237,3614,3534,944,3600,3535,3455,15.27,3.4,0.75,59.9,39,95.6,26.1,97.8,99.6,0.64,0.87,-0.23,23.47,65,18817
637,UTTAR PRADESH,73.66,61.7,86.06,854457,387894,447999,527859,2580,685,5585,5531,1930,5565,5504,5467,22.04,0.11,0.36,45.4,52.4,97.9,34.6,99,99.6,0.32,0.39,-0.06,24.36,61,23212
630,UTTAR PRADESH,74.27,62.29,85.77,789850,313288,461957,439208,2515,672,5611,5564,2229,5554,5495,5389,20.07,0.79,0.9,39.7,58.5,96,39.7,99.2,99,0.74,1.05,-0.31,23.48,59,21380
619,UTTAR PRADESH,73.86,63.07,83.58,356838,219480,134494,243965,1028,180,2012,1992,848,2011,1975,1944,22.88,2.14,0.73,61.5,37.7,96.6,42.1,99,100,0.66,0.8,-0.14,20.51,36,9325
675,UTTAR PRADESH,77.05,68.2,85.12,509297,196535,272859,385968,445,206,2488,2485,1151,2447,2421,2470,13.24,0.78,0.6,38.6,53.6,99.3,46.3,99.9,98.4,0.51,0.68,-0.18,16.92,26,20383
656,UTTAR PRADESH,70.38,58.77,80.83,474028,287619,177960,317640,1663,317,3079,3044,974,3064,3037,2965,26.48,0.81,0.79,60.7,37.5,96.3,31.6,98.9,99.5,0.69,0.89,-0.2,22.06,27,12772
672,UTTAR PRADESH,66.18,54.11,77.19,374055,259152,111574,251818,1653,406,2955,2811,598,2952,2941,2778,22.64,20.67,0.3,69.3,29.8,94,20.2,95.1,99.9,0.25,0.35,-0.09,23.08,11,9368
643,UTTAR PRADESH,62.3,50.2,72.91,283020,141453,134047,187193,987,184,2255,2240,738,2236,2221,2122,17.7,0.01,0.49,50,47.4,94.1,32.7,99.3,99.2,0.41,0.55,-0.14,22.71,15,8308
94,BIHAR,58.06,46.79,68.16,919779,818120,66052,609570,2265,321,2925,2755,975,2560,2564,2718,14.08,6.35,0.71,88.9,7.2,92.9,33.3,94.2,87.5,0.61,0.81,-0.2,21.37,-4,16027
96,BIHAR,58.26,47.36,68.02,1219275,1122717,46424,797706,2677,402,3629,3159,828,2723,2757,3287,12.74,0.24,0.53,92.1,3.8,90.6,22.8,87,75,0.44,0.61,-0.18,20.66,-34,20308
103,BIHAR,56,47.25,63.72,166094,156380,5145,98879,379,57,474,421,153,387,396,413,14.73,0.05,1.15,94.2,3.1,87.1,32.3,88.8,81.6,0.92,1.37,-0.45,16.47,-9,2676
104,BIHAR,53.53,43.4,62.56,826781,800428,14430,507812,1857,325,2328,2259,645,2051,2008,1863,11.85,0.09,0.55,96.8,1.7,80,27.7,97,88.1,0.46,0.64,-0.17,19.16,43,12909
89,BIHAR,60.9,48.3,72.53,1013300,968277,24358,624796,2283,494,3279,3115,1041,3278,3277,2970,13.09,0.09,0.56,95.6,2.4,90.6,31.7,95,100,0.48,0.64,-0.16,24.23,1,18644
106,BIHAR,59.65,46.63,71.65,522168,497630,12770,335041,1370,244,1917,1809,515,1302,1286,1798,15.89,0.46,1.31,95.3,2.4,93.8,26.9,94.4,67.9,1.21,1.4,-0.19,25.02,16,10297
70,BIHAR,55.1,45.18,64.15,693900,607061,38892,442336,1704,168,2320,2060,802,1809,1792,2000,13.61,1.38,0.67,87.5,5.6,86.2,34.6,88.8,78,0.61,0.73,-0.12,18.97,17,13404
86,BIHAR,57.04,47.98,65.56,437168,361118,12423,268480,1195,77,1749,1577,442,1699,1703,1448,6.69,3.8,0.59,82.6,2.8,82.8,25.3,90.2,97.1,0.49,0.71,-0.21,17.58,-4,9133
97,BIHAR,52.49,43.19,61.09,805684,719466,26575,499990,2029,269,2587,2512,936,2205,2217,2154,11.98,4.27,0.95,89.3,3.3,83.3,36.2,97.1,85.2,0.82,1.08,-0.26,17.9,-12,13716
84,BIHAR,53.56,45.37,60.99,728845,648643,19054,468886,1500,239,2168,2138,565,1797,1823,1835,8.57,5.86,0.82,89,2.6,84.6,26.1,98.6,82.9,0.69,0.94,-0.25,15.62,-26,13696
88,BIHAR,53.78,42.75,63.82,529945,495885,19318,311322,1102,167,1604,1560,521,1291,1172,1477,17.3,0.63,1.31,93.6,3.6,92.1,32.5,97.3,80.5,1.13,1.49,-0.35,21.07,119,8387
99,BIHAR,54.57,42.73,65.22,494482,459246,21471,299728,915,70,1464,1343,517,1141,1116,1172,16.69,0.32,1.31,92.9,4.3,80.1,35.3,91.7,77.9,1.1,1.51,-0.41,22.49,25,10632
78,BIHAR,58.26,46.88,68.58,861444,777971,46510,554167,1785,219,2796,2700,1064,2794,2790,2306,15.64,0.07,0.65,90.3,5.4,82.5,38.1,96.6,99.9,0.57,0.72,-0.15,21.7,4,17932
91,BIHAR,65.68,56.82,73.61,987593,935973,24062,645305,2309,400,3399,3261,1581,3154,2997,3150,15.66,0.13,0.8,94.8,2.4,92.7,46.5,95.9,92.8,0.71,0.9,-0.19,16.79,157,19353
80,BIHAR,67.04,56.03,78.38,599242,534482,46169,351340,1062,107,2043,1878,851,1910,1886,1690,12.49,2.37,0.8,89.2,7.7,82.7,41.7,91.9,93.5,0.71,0.9,-0.2,22.35,24,14774
105,BIHAR,71.59,60.35,82.77,685259,600651,4166,428140,1093,179,2508,2407,704,2477,2469,2256,11.61,2.61,1.11,87.7,0.6,90,28.1,96,98.8,0.93,1.31,-0.38,22.42,8,17630
101,BIHAR,68.57,56.89,79.71,910450,850145,30675,534620,1929,409,2827,2625,1176,2346,2257,2538,12,0.93,0.76,93.4,3.4,89.8,41.6,92.9,83,0.63,0.88,-0.24,22.82,89,17936
107,BIHAR,68.56,59.1,77,676637,655017,14109,453664,1395,268,2321,2315,920,2311,2293,2156,21.12,0.07,0.66,96.8,2.1,92.9,39.6,99.7,99.6,0.57,0.76,-0.19,17.9,18,15425
100,BIHAR,63.81,53.52,73.09,908690,874777,14663,604852,2066,377,2884,2586,1202,2197,2145,2768,18.85,0.04,0.88,96.3,1.6,96,41.7,89.7,76.2,0.76,1,-0.24,19.57,52,16837
74,BIHAR,66.23,57.1,74.36,676532,626682,38661,415781,1035,102,1796,1777,610,1780,1776,1678,14.55,0.05,0.8,92.6,5.7,93.4,34,98.9,99.1,0.75,0.85,-0.09,17.26,4,12867
85,BIHAR,60.87,52.16,68.51,405611,389744,8403,263805,852,148,1128,1081,360,1059,1057,787,14.83,0.04,0.92,96.1,2.1,69.8,31.9,95.8,93.9,0.59,1.24,-0.65,16.35,2,6861
75,BIHAR,64.96,56.49,72.3,643848,602403,12240,424975,1325,277,2038,1910,1019,1587,1552,1861,10.49,2.21,0.73,93.6,1.9,91.3,50,93.7,77.9,0.6,0.85,-0.25,15.81,35,12480
73,BIHAR,60.12,49.4,69.76,454733,417630,20021,289445,1588,319,2208,2018,528,2079,2038,1716,12.18,4.44,1.23,91.8,4.4,77.7,23.9,91.4,94.2,1.06,1.39,-0.33,20.36,41,8342
90,BIHAR,73.3,65.53,80.06,299553,269315,18579,178525,718,123,1234,1230,311,1227,1223,945,13.44,1.57,1.2,89.9,6.2,76.6,25.2,99.7,99.4,1.11,1.27,-0.16,14.53,4,6567
87,BIHAR,64.95,54.89,73.98,243046,230649,10903,147306,552,74,866,720,303,824,821,745,15.31,0.83,0.57,94.9,4.5,86,35,83.1,95.2,0.5,0.63,-0.12,19.09,3,5116
102,BIHAR,65.96,54.93,76.14,157863,146273,10667,95346,390,58,600,541,242,504,503,470,20.6,0.1,1.63,92.7,6.8,78.3,40.3,90.2,84,1.47,1.78,-0.31,21.21,1,3018
92,BIHAR,66.41,54.76,77.11,612519,529087,46539,405410,1097,156,2646,2486,1107,2466,2637,2125,21.12,0.05,0.76,86.4,7.6,80.3,41.8,94,93.2,0.67,0.84,-0.17,22.35,-171,15609
95,BIHAR,72.47,63.72,80.28,963020,825082,60299,725497,2234,382,3958,3804,2012,3875,3830,3628,15.77,0.16,0.71,85.7,6.3,91.7,50.8,96.1,97.9,0.63,0.8,-0.17,16.56,45,22321
76,BIHAR,72.79,60.2,84.08,607399,538052,51614,359884,1200,169,2272,2216,578,2226,2124,1982,15.59,0.51,0.75,88.6,8.5,87.2,25.4,97.5,98,0.64,0.87,-0.23,23.88,102,14378
77,BIHAR,71.77,59.84,82.78,389871,366391,3615,229572,784,117,1307,1239,488,1302,1291,1015,14.75,1.57,0.78,94,0.9,77.7,37.3,94.8,99.6,0.65,0.91,-0.26,22.94,11,8320
83,BIHAR,71.01,59.56,81.49,358075,351001,4530,234644,777,145,1306,1249,474,1218,1167,1035,22.69,3.57,1.29,98,1.3,79.2,36.3,95.6,93.3,1.08,1.51,-0.43,21.93,51,7676
98,BIHAR,75.59,64.95,85.29,658107,571096,40886,395385,1429,238,2603,2535,1102,2539,2521,2200,18.57,1.07,0.93,86.8,6.2,84.5,42.3,97.4,97.5,0.82,1.03,-0.21,20.34,18,15558
82,BIHAR,68.27,56.24,79.3,244947,232815,4024,156323,487,55,993,986,376,958,939,838,19.81,0.11,2.32,95,1.6,84.4,37.9,99.3,96.5,1.93,2.7,-0.77,23.06,19,6501
72,BIHAR,72.77,62.05,82.52,630604,585000,25112,354669,1657,298,2369,2143,656,1833,1751,2024,24.1,0.04,1.06,92.8,4,85.4,27.7,90.5,77.4,0.99,1.13,-0.14,20.47,82,12337
79,BIHAR,66.35,55.9,76.02,918806,884681,10535,606698,2507,487,3262,3070,976,2869,2673,2347,30.39,0.07,0.85,96.3,1.1,71.9,29.9,94.1,88,0.74,0.96,-0.22,20.12,196,16037
93,BIHAR,61.63,51.09,71.4,557189,507900,19694,314437,1210,252,1918,1897,631,1901,1904,1700,25.47,0.09,0.86,91.2,3.5,88.6,32.9,98.9,99.1,0.8,0.91,-0.11,20.31,-3,11551
81,BIHAR,62.16,49.44,73.77,456726,430597,20405,254707,1324,167,1848,1601,567,1766,1753,1617,17.19,4.48,0.67,94.3,4.5,87.5,30.7,86.6,95.6,0.58,0.75,-0.17,24.33,13,8851
71,BIHAR,69.54,56.85,81.27,166600,159624,1822,99374,348,40,592,561,185,511,492,450,20.16,0.08,1.05,95.8,1.1,76,31.2,94.8,86.3,0.85,1.26,-0.41,24.42,19,3771
31,ARUNACHAL PRADESH,60.61,48.75,68.54,6654,4605,2049,4290,0,1,151,125,78,148,145,92,0,69.65,3.85,69.2,30.8,60.9,51.7,82.8,98,3.94,3.73,0.21,19.79,3,820
35,ARUNACHAL PRADESH,69.4,60.8,75.66,15419,9338,6081,8399,13,0,249,222,93,249,244,209,0,55.25,1.39,60.6,39.4,83.9,37.3,89.2,100,1.31,1.48,-0.16,14.86,5,1209
20,ARUNACHAL PRADESH,62.48,54.18,70.95,16891,12412,4281,11177,11,0,301,214,58,287,258,99,0,92.01,3.05,73.5,25.3,32.9,19.3,71.1,95.3,3.3,2.79,0.51,16.77,29,1183
29,ARUNACHAL PRADESH,82.14,76.65,87.33,48711,31718,16248,18589,36,3,421,298,195,416,410,227,0,66.38,1.44,65.1,33.4,53.9,46.3,70.8,98.8,1.46,1.42,0.04,10.68,6,3529
27,ARUNACHAL PRADESH,76.33,70.1,82.4,18820,12016,6804,7782,5,1,300,217,82,300,299,217,0,87.81,2.26,63.8,36.2,72.3,27.3,72.3,100,2.33,2.2,0.14,12.3,1,1536
34,ARUNACHAL PRADESH,63.96,60.51,67.36,26763,21904,4859,9640,98,5,287,268,58,277,267,261,0,93.86,1.45,81.8,18.2,90.9,20.2,93.4,96.5,1.5,1.41,0.09,6.85,10,1149
36,ARUNACHAL PRADESH,67.62,60.76,73.89,22640,14801,7839,11051,21,0,307,257,118,292,288,159,0,82.64,0.69,65.4,34.6,51.8,38.4,83.7,95.1,0.64,0.75,-0.11,13.13,4,1988
21,ARUNACHAL PRADESH,73.54,67.9,78.94,18004,13006,4998,9604,8,1,180,170,55,180,170,124,0,70.53,2.33,72.2,27.8,68.9,30.6,94.4,100,2.09,2.58,-0.49,11.04,10,1631
33,ARUNACHAL PRADESH,59.94,55.22,64.09,8115,5538,2577,3842,6,0,119,116,66,116,92,114,0,80.6,1.52,68.2,31.8,95.8,55.5,97.5,97.5,1.51,1.52,-0.02,8.87,24,739
19,ARUNACHAL PRADESH,64.8,59.1,69.39,1180,1098,82,790,0,0,30,26,10,29,30,27,0,71.23,4.58,93.1,6.9,90,33.3,86.7,96.7,3.42,5.7,-2.28,10.29,-1,151
24,ARUNACHAL PRADESH,69.88,61.62,77.25,10112,6838,3274,17883,5,0,106,79,60,103,101,103,0,32.53,0.88,67.6,32.4,97.2,56.6,74.5,97.2,0.84,0.92,-0.07,15.63,2,664
18,ARUNACHAL PRADESH,61.9,52.08,70.8,31497,23771,6722,19078,68,9,362,345,195,343,333,272,0,36.35,0.97,75.5,21.3,75.1,53.9,95.3,94.8,1.09,0.87,0.22,18.72,10,1575
32,ARUNACHAL PRADESH,52.23,41.83,61.87,12371,8103,4268,14950,15,1,146,112,57,139,137,127,0,87.85,2.29,65.5,34.5,87,39,76.7,95.2,2.36,2.22,0.15,20.04,2,774
23,ARUNACHAL PRADESH,50.67,44.31,57.28,12975,11221,1754,13210,61,3,194,137,35,179,175,34,0,98.58,1.39,86.5,13.5,17.5,18,70.6,92.3,1.41,1.38,0.03,12.97,4,661
26,ARUNACHAL PRADESH,70.38,63.56,76.62,12733,8749,3984,6014,8,0,129,125,53,129,127,109,0,48.03,0.5,68.7,31.3,84.5,41.1,96.9,100,0.46,0.54,-0.07,13.06,2,819
17,ARUNACHAL PRADESH,59.4,46.39,69.54,3895,3534,173,2520,0,0,100,92,22,91,87,81,0,77.72,3.49,90.7,4.4,81,22,92,91,3.21,3.8,-0.59,23.15,4,397
25,ARUNACHAL PRADESH,,,,15711,12566,3145,,54,5,100,74,24,100,96,86,,,1.88,80,20,86,24,74,100,1.65,2.1,-0.45,,4,430
28,ARUNACHAL PRADESH,,,,17903,13427,4476,,29,2,231,161,69,221,219,231,,,0.41,75,25,100,29.9,69.7,95.7,0.36,0.45,-0.08,,2,1131
30,ARUNACHAL PRADESH,,,,8402,5669,2733,,10,0,129,114,26,111,120,45,,,1.86,67.5,32.5,34.9,20.2,88.4,86,2.17,1.58,0.59,,-9,569
420,NAGALAND,56.6,52.39,60.38,40621,22299,18322,29926,24,6,307,258,97,307,274,263,0,95.22,0.76,54.9,45.1,85.7,31.6,84,100,0.68,0.83,-0.15,7.99,33,2529
423,NAGALAND,73.7,70.4,76.76,30829,18067,12762,26657,5,0,252,182,76,252,252,20,0,97.11,0.55,58.6,41.4,7.9,30.2,72.2,100,0.48,0.62,-0.14,6.36,0,2590
419,NAGALAND,92.68,91.74,93.55,25122,11680,13442,15996,2,0,284,251,196,282,281,274,0,91.68,2.39,46.5,53.5,96.5,69,88.4,99.3,2.23,2.53,-0.3,1.81,1,3642
425,NAGALAND,86.26,83.61,88.86,29248,18984,10264,15289,6,0,291,210,92,290,290,273,0,97.02,1.35,64.9,35.1,93.8,31.6,72.2,99.7,1.26,1.44,-0.17,5.25,0,2717
424,NAGALAND,87.6,84.58,90.53,26322,15257,11065,15598,16,0,213,193,63,213,213,187,0,94.16,3.06,58,42,87.8,29.6,90.6,100,2.86,3.27,-0.41,5.95,0,1925
415,NAGALAND,85.44,82.54,88.07,93037,34589,58448,37555,17,3,489,422,359,489,488,430,0,59.13,0.53,37.2,62.8,87.9,73.4,86.3,100,0.49,0.57,-0.08,5.53,1,7158
417,NAGALAND,85.58,81.56,89.28,38308,10570,27738,26921,1,0,290,244,186,290,289,281,0,83.86,1.49,27.6,72.4,96.9,64.1,84.1,100,1.29,1.67,-0.38,7.72,1,4200
422,NAGALAND,79.13,73.5,84.53,25718,13976,11742,20641,9,3,246,200,122,246,246,204,0,96.16,1.42,54.3,45.7,82.9,49.6,81.3,100,1.42,1.43,-0.01,11.03,0,1989
418,NAGALAND,71.1,65.44,75.6,9582,4905,4677,6570,2,0,115,115,33,115,115,110,0,96.3,4.14,51.2,48.8,95.7,28.7,100,100,3.52,4.72,-1.2,10.16,0,1093
416,NAGALAND,73.1,70.35,76.54,15249,7751,7498,10705,10,1,145,99,34,145,145,123,0,96.52,0.49,50.8,49.2,84.8,23.4,68.3,100,0.52,0.45,0.06,6.19,0,1035
421,NAGALAND,79,73.57,83.96,15660,8518,7142,11606,1,0,167,120,79,166,167,133,0,88.47,1.07,54.4,45.6,79.6,47.3,71.9,99.4,1.08,1.06,0.02,10.39,-1,1442
392,MANIPUR,75,68.8,80.85,77864,38775,36803,19905,77,1,876,875,177,876,868,668,0.37,79.76,1.34,49.8,47.3,76.3,20.2,99.9,100,1.22,1.46,-0.24,12.05,8,5552
393,MANIPUR,70.4,63.76,76.74,25137,15922,9215,14752,16,0,419,418,60,419,418,243,0.02,95.72,2.51,63.3,36.7,58,14.3,99.8,100,2.06,2.94,-0.88,12.98,1,2490
389,MANIPUR,84.29,80.13,88.34,52986,23560,27300,27330,18,0,588,587,218,588,587,427,0.16,92.94,1.78,44.5,51.5,72.6,37.1,99.8,100,1.52,2.04,-0.52,8.21,1,4613
387,MANIPUR,76.35,67.29,85.52,44635,14825,28163,22698,27,1,367,367,145,367,362,358,9.32,1.39,1.49,33.2,63.1,97.5,39.5,100,100,1.21,1.76,-0.55,18.23,5,3102
394,MANIPUR,76.66,67.57,85.9,76088,24509,47355,44193,50,10,558,555,274,557,552,527,9.62,0.43,1.9,32.2,62.2,94.4,49.1,99.5,99.8,1.67,2.12,-0.44,18.33,5,4927
391,MANIPUR,86.7,80.71,92.93,85546,20360,62473,42460,28,6,588,585,230,563,564,550,3.19,4.66,1.35,23.8,73,93.5,39.1,99.5,95.7,1.29,1.42,-0.12,12.22,-1,6316
390,MANIPUR,82.81,75.92,89.86,79524,21519,57536,41588,37,10,673,666,253,636,625,645,3.47,6.06,1.28,27.1,72.4,95.8,37.6,99,94.5,1.17,1.39,-0.22,13.94,11,6306
395,MANIPUR,81.87,77.47,86.05,37351,18075,19276,17902,18,2,425,425,100,425,424,357,0.14,94.35,2.22,48.4,51.6,84,23.5,100,100,2.05,2.39,-0.34,8.58,1,3314
388,MANIPUR,70.85,63.26,77.93,23465,10475,12990,12741,8,2,371,370,105,368,365,309,0.38,88.97,2.63,44.6,55.4,83.3,28.3,99.7,99.2,2.28,2.97,-0.69,14.67,3,2316
413,MIZORAM,85.96,81.37,90.15,20230,14197,6033,10661,43,0,331,301,173,331,330,326,0.06,95.04,3.4,70.2,29.8,98.5,52.3,90.9,100,3.47,3.33,0.14,8.78,1,1588
410,MIZORAM,94.54,93.53,95.5,19372,10913,8459,9457,32,0,232,229,178,232,230,219,0.1,87.68,2.75,56.3,43.7,94.4,76.7,98.7,100,2.7,2.8,-0.1,1.97,2,1442
407,MIZORAM,98.5,98,99.01,65891,22642,43249,35815,17,2,716,715,603,716,713,716,0.16,93.31,2.93,34.4,65.6,100,84.2,99.9,100,2.73,3.13,-0.39,1.01,3,5207
408,MIZORAM,93.51,92.2,94.8,25773,14422,11351,14263,20,0,359,352,265,359,359,359,0.01,98.19,3.67,56,44,100,73.8,98.1,100,3.61,3.72,-0.11,2.6,0,2140
414,MIZORAM,98.76,98.28,99.24,11477,4404,7073,6451,4,0,179,179,160,179,179,173,0.05,96.85,4.08,38.4,61.6,96.6,89.4,100,100,4.28,3.89,0.39,0.96,0,1081
412,MIZORAM,89.4,85.85,92.74,32157,19067,12993,17221,45,2,587,502,256,573,530,520,0.11,95.11,3.88,59.3,40.4,88.6,43.6,85.5,97.6,3.56,4.17,-0.61,6.89,43,3044
411,MIZORAM,66.41,57.62,74.68,26882,17966,8916,15650,28,0,459,369,142,459,459,384,0.12,95.3,2.47,66.8,33.2,83.7,30.9,80.4,100,2.29,2.62,-0.33,17.06,0,2467
600,TRIPURA,88.91,84.76,92.91,122137,84150,35881,141103,30,2,704,682,312,697,686,644,19.59,25.03,0.6,68.9,29.4,91.5,44.3,96.9,99,0.51,0.68,-0.17,8.15,11,11272
598,TRIPURA,85.41,79.64,90.94,68496,62627,5662,83605,19,16,660,600,151,660,657,512,16,39.37,0.42,91.4,8.3,77.6,22.9,90.9,100,0.38,0.46,-0.08,11.3,3,5194
593,TRIPURA,86.82,80.83,92.45,72330,63845,8323,40725,24,5,877,638,140,877,874,577,16.31,55.68,0.72,88.3,11.5,65.8,16,72.7,100,0.56,0.87,-0.32,11.62,3,5090
596,TRIPURA,88.29,84.69,91.77,67469,57895,7628,72198,34,7,509,461,167,508,509,412,16.57,25.86,0.87,85.8,11.3,80.9,32.8,90.6,99.8,0.75,1,-0.25,7.08,-1,4220
597,TRIPURA,,,,77469,62632,8039,,35,2,636,603,184,633,631,577,,,0.48,80.8,10.4,90.7,28.9,94.8,99.5,0.46,0.49,-0.03,,2,6527
595,TRIPURA,,,,44511,39964,4489,,5,3,489,477,133,488,489,422,,,0.58,89.8,10.1,86.3,27.2,97.5,99.8,0.49,0.65,-0.16,,-1,5586
594,TRIPURA,,,,67610,56050,10618,,12,8,603,554,181,602,599,436,,,0.43,82.9,15.7,72.3,30,91.9,99.8,0.39,0.47,-0.09,,3,5673
599,TRIPURA,,,,49490,40954,4053,,43,3,366,337,98,361,361,318,,,1.03,82.8,8.2,86.9,26.8,92.1,98.6,0.82,1.23,-0.41,,0,3051
404,MEGHALAYA,68.38,63.34,73.31,128071,66093,61768,81049,333,37,2100,1309,310,1646,1729,934,1.37,73.69,0.63,51.6,48.2,44.5,14.8,62.3,78.4,0.53,0.74,-0.21,9.97,-83,7241
396,MEGHALAYA,75.51,71.32,79.56,46025,28596,17429,42273,146,10,772,504,111,719,733,391,0.16,95.99,1.56,62.1,37.9,50.6,14.4,65.3,93.1,1.27,1.85,-0.58,8.24,-14,2364
401,MEGHALAYA,72.39,67.72,76.77,45289,31482,13794,19690,117,3,1001,823,174,1000,998,418,0.22,94.31,1.45,69.5,30.5,41.8,17.4,82.2,99.9,1.23,1.66,-0.43,9.05,2,2833
406,MEGHALAYA,79.3,78.3,80.29,85077,37884,47103,60535,243,17,1753,1136,309,1487,1480,677,0.04,97.82,0.78,44.5,55.4,38.6,17.6,64.8,84.8,0.67,0.89,-0.22,1.99,7,4948
398,MEGHALAYA,84.7,84.15,85.26,179431,55386,120887,97851,334,46,2445,1756,944,2147,2173,2026,0.68,80.05,0.69,30.9,67.4,82.9,38.6,71.8,87.8,0.62,0.76,-0.13,1.11,-26,10402
399,MEGHALAYA,,,,42547,26258,16289,,123,11,725,522,114,629,633,528,,,0.56,61.7,38.3,72.8,15.7,72,86.8,0.45,0.67,-0.22,,-4,2247
403,MEGHALAYA,,,,35960,16649,19311,,99,7,876,451,86,713,697,362,,,0.74,46.3,53.7,41.3,9.8,51.5,81.4,0.65,0.84,-0.19,,16,2488
402,MEGHALAYA,,,,39844,23027,16817,,114,14,727,469,90,600,608,340,,,0.71,57.8,42.2,46.8,12.4,64.5,82.5,0.6,0.81,-0.21,,-8,2246
58,ASSAM,66.63,59.54,73.44,173313,122346,26165,104575,416,19,2687,1967,293,1956,1915,2288,3.33,31.41,1.2,70.6,15.1,85.2,10.9,73.2,72.8,1.02,1.38,-0.36,13.9,41,10242
46,ASSAM,59.36,54.26,64.2,440032,322230,82301,275468,1735,129,4200,4200,628,2998,2844,3283,3.61,0.33,1.39,73.2,18.7,78.2,15,100,71.4,1.11,1.67,-0.56,9.94,154,17314
49,ASSAM,68.67,64.53,72.67,202283,161635,29628,127413,635,48,2436,2200,405,2200,2194,2062,4.47,22.97,1.51,79.9,14.6,84.6,16.6,90.3,90.3,1.32,1.71,-0.39,8.14,6,9849
40,ASSAM,70.44,65.18,75.48,139778,110365,21386,82824,450,36,1429,1327,281,1196,1120,1141,11.21,2.55,1.83,79,15.3,79.8,19.7,92.9,83.7,1.53,2.14,-0.6,10.3,76,6510
38,ASSAM,65.03,59.04,70.72,311222,241265,59707,217256,929,78,3318,3166,655,2759,2719,2139,5.63,1.62,1.52,77.5,19.2,64.5,19.7,95.4,83.2,1.29,1.75,-0.46,11.68,40,16627
63,ASSAM,79.89,73.85,85.58,117067,88569,19902,71641,259,23,1622,1622,435,1529,1557,1378,7.8,3.03,2.15,75.7,17,85,26.8,100,94.3,1.78,2.52,-0.74,11.73,-28,8300
44,ASSAM,64.55,60.4,68.36,164248,134287,24990,114635,446,30,1612,1529,326,1408,1350,1364,4.34,0.91,1.49,81.8,15.2,84.6,20.2,94.9,87.3,1.28,1.71,-0.43,7.96,58,8214
61,ASSAM,69.37,64.99,73.66,180085,148882,24557,124726,462,39,1866,1833,308,1723,1693,1469,12.31,14.29,1.58,82.7,13.6,78.7,16.5,98.2,92.3,1.31,1.86,-0.55,8.67,30,8730
62,ASSAM,73.78,69.21,78.19,506564,420759,55720,347286,1433,142,4209,3989,1059,3565,3456,3819,9.43,4.08,1.19,83.1,11,90.7,25.2,94.8,84.7,0.96,1.43,-0.48,8.98,109,22482
65,ASSAM,69.96,62.53,76.98,313780,242292,41533,212316,893,131,3063,2664,629,2628,2571,2463,5.67,12.07,1.21,77.2,13.2,80.4,20.5,87,85.8,1.02,1.4,-0.38,14.45,57,13266
59,ASSAM,78.39,71.91,84.66,199860,156991,32052,118840,385,15,3222,2977,535,2567,2507,2697,7.85,23.93,1.71,78.6,16,83.7,16.6,92.4,79.7,1.43,2,-0.56,12.75,60,15184
45,ASSAM,69.07,62.13,75.66,135268,95293,30124,79784,320,18,2152,1946,286,1757,1695,2053,6.45,47.45,1.43,70.4,22.3,95.4,13.3,90.4,81.6,1.12,1.75,-0.64,13.53,62,8532
67,ASSAM,70.92,63.54,77.89,202981,150110,49084,137909,558,65,1796,1774,545,1726,1714,1530,2.84,6.18,0.99,74,24.2,85.2,30.3,98.8,96.1,0.88,1.1,-0.22,14.35,12,8866
47,ASSAM,76.22,69.52,82.59,193328,146336,43379,121083,525,42,2178,2150,588,2035,1972,1825,4.44,7.76,0.94,75.7,22.4,83.8,27,98.7,93.4,0.84,1.04,-0.2,13.07,63,9619
53,ASSAM,83.42,78.22,88.38,151133,113723,30038,92978,272,31,2708,2570,864,2359,2304,2343,8.12,12.82,1.67,75.2,19.9,86.5,31.9,94.9,87.1,1.42,1.92,-0.51,10.16,55,10656
50,ASSAM,78.31,72.18,84.2,160575,119005,37302,99687,357,50,2048,1991,515,1803,1821,1391,5.84,10.48,1.19,74.1,23.2,67.9,25.1,97.2,88,0.97,1.41,-0.45,12.02,-18,8898
56,ASSAM,73.52,64.62,82.12,180824,127926,48861,113105,391,51,2612,1889,509,2436,2388,2200,4.7,56.34,1.12,70.7,27,84.2,19.5,72.3,93.3,0.89,1.36,-0.46,17.5,48,10914
48,ASSAM,78.99,72.15,85.34,36383,23796,12241,23851,17,2,1028,378,123,991,950,840,2.03,70.92,6.38,65.4,33.6,81.7,12,36.8,96.4,5.83,6.92,-1.09,13.19,41,4708
41,ASSAM,80.36,74.62,85.85,295456,235774,41711,189943,791,117,3074,2363,562,2651,2521,2442,15.25,1.01,1.47,79.8,14.1,79.4,18.3,76.9,86.2,1.24,1.7,-0.46,11.23,130,14338
57,ASSAM,79.72,73.49,85.7,257437,199362,23693,154769,868,98,3071,1833,352,2492,2710,2239,12.85,0.16,1.17,77.4,9.2,72.9,11.5,59.7,81.1,0.97,1.38,-0.41,12.21,-218,11955
51,ASSAM,75.26,68.54,81.61,146017,97498,20756,82602,347,21,3460,1238,391,1694,1669,2464,10.72,0.11,1.08,66.8,14.2,71.2,11.3,35.8,49,0.95,1.21,-0.26,13.07,25,12427
37,ASSAM,70.53,62.23,78.55,142264,112743,19745,91475,176,17,2313,2005,265,2028,1711,2058,7.69,34.84,1.63,79.2,13.9,89,11.5,86.7,87.7,1.38,1.9,-0.52,16.32,317,11935
43,ASSAM,64.71,57.87,71.35,97163,74092,14657,55870,140,19,1256,1130,205,1043,1031,1077,7.29,37.06,1.33,76.3,15.1,85.7,16.3,90,83,1.13,1.53,-0.39,13.48,12,5718
68,ASSAM,66.6,59.17,73.79,124866,101278,16830,83385,191,23,1728,1480,223,1603,1509,1610,4.55,32.15,1.88,81.1,13.5,93.2,12.9,85.6,92.8,1.59,2.17,-0.58,14.62,94,7548
692,WEST BENGAL,79.92,73.74,85.94,84356,83873,483,144908,50,28,1742,1192,403,1718,1715,1158,17.18,21.52,1.06,99.4,0.6,66.5,23.1,68.4,98.6,1.1,1.02,0.08,12.2,3,8710
695,WEST BENGAL,73.79,66.65,80.61,368738,311482,50478,344365,374,164,2736,2665,1720,2710,2666,2492,37.65,18.89,0.88,84.5,13.7,91.1,62.9,97.4,99,0.83,0.93,-0.1,13.96,44,15570
696,WEST BENGAL,75.49,69.08,81.52,472041,414042,2601,257917,832,188,3684,3667,2252,3623,3464,3289,50.17,0.64,0.88,87.7,0.6,89.3,61.1,99.5,98.3,0.75,1.01,-0.27,12.44,159,19076
707,WEST BENGAL,60.13,53.15,66.65,606193,545587,40731,373572,1156,320,3299,3294,1818,3251,3235,2661,26.87,5.41,0.73,90,6.7,80.7,55.1,99.8,98.5,0.62,0.85,-0.22,13.5,16,18183
691,WEST BENGAL,73.86,67.81,79.63,255595,226755,21481,141733,298,112,2373,2337,1470,2349,2344,1658,28.8,16.43,0.78,88.7,8.4,69.9,61.9,98.5,99,0.69,0.85,-0.16,11.82,5,11254
698,WEST BENGAL,62.71,57.84,67.27,822768,611143,135041,461268,1317,396,4332,4309,2708,4301,4239,3520,20.94,7.87,1.18,74.3,16.4,81.3,62.5,99.5,99.3,1.04,1.32,-0.28,9.43,62,28249
699,WEST BENGAL,67.53,63.88,71.02,1299114,1094510,90012,757347,1862,464,6870,6850,4422,6643,6544,5988,12.64,1.28,1.2,84.3,6.9,87.2,64.4,99.7,96.7,1.03,1.37,-0.34,7.14,99,44239
690,WEST BENGAL,70.9,64.07,77.42,547566,495213,14017,340805,887,292,4245,4222,2988,4112,4065,3885,29.5,6.92,1.21,90.4,2.6,91.5,70.4,99.5,96.9,1.06,1.36,-0.3,13.35,47,21668
700,WEST BENGAL,75.58,71.35,79.58,663934,597495,54773,388454,419,181,4516,4514,3360,4378,4315,4137,29.94,2.72,1.19,90,8.2,91.6,74.4,100,96.9,1.06,1.3,-0.24,8.23,63,31127
694,WEST BENGAL,82.55,76.95,87.93,595503,542382,33420,395419,214,289,4431,4428,3967,4356,4235,4145,24.35,4.15,1.22,91.1,5.6,93.5,89.5,99.9,98.3,1.03,1.41,-0.38,10.98,121,29243
689,WEST BENGAL,70.95,60.44,81,514817,481079,28058,316815,463,191,5194,5194,4310,5171,5081,4720,32.65,10.25,1.61,93.4,5.5,90.9,83,100,99.6,1.41,1.81,-0.4,20.56,90,24827
705,WEST BENGAL,65.38,51.29,78.85,479074,446634,22637,310415,984,221,4558,4447,3465,4417,4343,3802,19.38,18.45,1.39,93.2,4.7,83.4,76,97.6,96.9,1.2,1.57,-0.37,27.56,74,19350
693,WEST BENGAL,83.85,79.73,87.69,565951,479371,66821,385203,371,257,3671,3628,3258,3504,3275,3298,14.82,0.31,0.93,84.7,11.8,89.8,88.7,98.8,95.5,0.82,1.05,-0.23,7.96,229,26396
697,WEST BENGAL,87.14,84.98,89.08,366489,273953,90079,253862,154,93,2771,2771,2770,2490,2348,2760,5.38,0.24,1.75,74.8,24.6,99.6,100,100,89.9,1.43,2.1,-0.66,4.1,142,27038
704,WEST BENGAL,87.66,81.81,93.14,714830,631497,76252,429568,282,238,6600,6447,4737,6413,6372,5178,14.63,0.55,1.53,88.3,10.7,78.5,71.8,97.7,97.2,1.29,1.77,-0.48,11.33,41,38519
703,WEST BENGAL,79.04,71.11,86.66,862189,791159,51707,504154,515,320,9606,9443,8038,9193,9014,9285,19.08,14.88,1.38,91.8,6,96.7,83.7,98.3,95.7,1.19,1.57,-0.38,15.55,179,47003
234,JHARKHAND,62.18,49.43,74,312813,266424,16360,185066,1053,160,1697,1694,106,1671,1648,1226,24.19,15.56,1.33,85.2,5.2,72.2,6.2,99.8,98.5,1.25,1.4,-0.15,24.57,23,6110
245,JHARKHAND,65.5,53.87,76.27,468766,408555,23066,254380,1799,308,2924,2701,195,2793,2668,1153,27.65,9.34,0.51,87.2,4.9,39.4,6.7,92.4,95.5,0.45,0.57,-0.13,22.4,125,10358
230,JHARKHAND,62.14,51.91,71.85,245938,213448,5456,150504,968,82,2092,1965,121,2073,2063,690,32.66,4.37,1.36,86.8,2.2,33,5.8,93.9,99.1,1.13,1.58,-0.45,19.94,10,6805
241,JHARKHAND,68.35,54.77,81.25,154257,116829,7333,101130,417,40,957,895,163,952,946,928,15.22,0.96,1.14,75.7,4.8,97,17,93.5,99.5,0.95,1.32,-0.37,26.48,6,4380
235,JHARKHAND,65.12,50.33,79.08,551766,436453,32435,352959,2101,234,3972,3792,837,3934,3917,1944,13.31,9.74,0.97,79.1,5.9,48.9,21.1,95.5,99,0.85,1.09,-0.24,28.75,17,13245
231,JHARKHAND,66.34,52.39,79.13,322958,270016,21678,201555,1091,153,2349,2312,363,2331,2317,1417,12.74,12.13,1.23,83.6,6.7,60.3,15.5,98.4,99.2,1.08,1.38,-0.31,26.74,14,8275
236,JHARKHAND,57.68,44.9,69.56,287169,227945,23229,184920,935,114,1936,1632,158,1807,1812,1195,8.8,21.26,1.22,79.4,8.1,61.7,8.2,84.3,93.3,1.01,1.42,-0.41,24.66,-5,6816
250,JHARKHAND,53.73,44.31,62.65,261157,213064,23414,165130,932,146,1711,1446,150,1683,1673,817,6.29,26.8,0.95,81.6,9,47.7,8.8,84.5,98.4,0.94,0.95,-0.01,18.34,10,5521
233,JHARKHAND,62.54,49.6,75.17,263776,228465,18853,167088,914,155,2720,2564,274,2676,2669,1305,6.03,43.22,1.31,86.6,7.1,48,10.1,94.3,98.4,1.03,1.58,-0.55,25.57,7,8002
232,JHARKHAND,75.71,64.7,85.68,468680,255680,96324,285505,911,149,2398,2250,745,2375,2349,1606,16.29,8.68,0.54,54.6,20.6,67,31.1,93.8,99,0.46,0.62,-0.16,20.98,26,11482
229,JHARKHAND,73.48,61.46,84.5,344828,209569,64487,220067,637,86,2368,2285,511,2267,2236,1474,14.51,12.4,0.94,60.8,18.7,62.2,21.6,96.5,95.7,0.75,1.11,-0.36,23.04,31,12322
249,JHARKHAND,77.13,68.2,85.63,510529,230966,201708,303249,880,140,3475,3273,796,3345,3299,2045,5.25,35.76,1.78,45.2,39.5,58.8,22.9,94.2,96.3,1.09,2.45,-1.36,17.43,46,16623
243,JHARKHAND,68.29,57.86,78.62,99869,75881,10543,59900,348,38,787,725,84,764,755,352,3.32,56.9,1.52,76,10.6,44.7,10.7,92.1,97.1,1.39,1.64,-0.25,20.76,9,2749
237,JHARKHAND,66.92,56.97,76.87,213360,138889,46350,133116,619,60,2082,1875,168,1928,1906,776,3.17,68.94,0.46,65.1,21.7,37.3,8.1,90.1,92.6,0.42,0.49,-0.06,19.9,22,7093
246,JHARKHAND,59.54,47.01,72.18,300993,250633,31272,193075,1196,140,2490,2266,210,2064,1977,1134,3.79,67.32,1.37,83.3,10.4,45.5,8.4,91,82.9,1.28,1.46,-0.18,25.17,87,8058
247,JHARKHAND,76.13,67.33,84.51,356202,173462,110658,222511,485,94,2566,2443,720,2506,2487,1615,4.86,28.51,1.16,48.7,31.1,62.9,28.1,95.2,97.7,0.99,1.31,-0.32,17.18,19,13998
239,JHARKHAND,63.73,50.08,76.85,145022,130392,6668,98202,387,58,1274,1264,323,1270,1265,919,9.21,30.4,0.89,89.9,4.6,72.1,25.4,99.2,99.7,0.79,0.99,-0.2,26.77,5,4238
251,JHARKHAND,68.85,56.19,81.01,172308,145303,24078,118883,445,52,1831,1731,226,1738,1772,1036,5.28,35.18,1.4,84.3,14,56.6,12.3,94.5,94.9,1.3,1.51,-0.2,24.82,-34,5565
252,JHARKHAND,67.59,59.38,75.84,114922,59734,46817,71105,345,50,1251,1112,94,1077,1097,379,7.45,70.78,0.91,52,40.7,30.3,7.5,88.9,86.1,0.86,0.95,-0.09,16.46,-20,4075
242,JHARKHAND,61.23,50.26,71.8,167750,144580,8054,106368,707,92,1390,1303,85,1379,1379,475,21.31,45.54,0.63,86.2,4.8,34.2,6.1,93.7,99.2,0.55,0.72,-0.17,21.54,0,4121
240,JHARKHAND,64.51,53.71,75.33,105129,63817,27166,65466,277,26,1151,1003,114,1050,1045,622,4.52,73.25,2.29,60.7,25.8,54,9.9,87.1,91.2,2.16,2.42,-0.27,21.62,5,3732
248,JHARKHAND,73.92,63.49,83.51,158607,100146,25871,102814,287,50,952,914,290,938,879,604,11.2,21.19,1.52,63.1,16.3,63.4,30.5,96,98.5,1.23,1.8,-0.57,20.02,59,5399
440,ODISHA,,65.84,84.28,186148,150826,25557,117938,174,69,2164,2143,650,2135,1756,2074,,,1.89,81,13.7,95.8,30,99,98.7,1.68,2.09,-0.41,18.44,379,9502
450,ODISHA,,70.05,86.27,76680,50372,20041,47299,27,20,877,875,339,867,857,814,,,2.01,65.7,26.1,92.8,38.7,99.8,98.9,1.79,2.23,-0.45,16.22,10,4699
464,ODISHA,,68.47,85.17,141488,104116,28519,86777,96,50,1729,1729,566,1718,1376,1625,,,1.55,73.6,20.2,94,32.7,100,99.4,1.37,1.72,-0.35,16.7,342,7979
458,ODISHA,63.98,53.18,74.92,430434,373509,52498,190338,550,185,5027,5027,1217,4974,4670,4785,7.33,58.72,1.69,86.8,12.2,95.2,24.2,100,98.9,1.49,1.87,-0.39,21.74,304,20398
439,ODISHA,80.66,72.95,88.06,376255,298434,53085,212273,503,153,3459,3456,1476,3376,3322,3166,20.62,11.88,2.22,79.3,14.1,91.5,42.7,99.9,97.6,1.95,2.48,-0.53,15.11,54,16956
442,ODISHA,72.51,60.44,89.92,231103,190870,33130,134734,147,75,2294,2294,1208,2266,1829,2174,22.23,2.02,2.06,82.6,14.3,94.8,52.7,100,98.8,1.67,2.44,-0.76,29.48,437,11466
453,ODISHA,85.93,79.51,92.45,198891,156250,36871,116471,231,79,2423,2417,880,2343,2007,2056,21.51,0.66,1.98,78.6,18.5,84.9,36.3,99.8,96.7,1.66,2.28,-0.62,12.94,336,10611
443,ODISHA,84.2,77.64,90.51,308109,201877,51621,192144,228,94,3199,3199,1294,2896,2983,3088,19,3.57,1.74,65.5,16.8,96.5,40.5,100,90.5,1.45,2,-0.55,12.87,-87,18079
445,ODISHA,79.41,71.4,87.08,158329,126960,23361,100425,63,17,1901,1901,562,1830,1797,1801,19.62,13.59,2.34,80.2,14.8,94.7,29.6,100,96.3,1.81,2.81,-1.01,15.68,33,9262
437,ODISHA,78.96,70.44,87.06,184372,139713,37744,109523,110,48,1932,1932,581,1931,1908,1389,18.81,14.1,2.13,75.8,20.5,71.9,30.1,100,99.9,2.01,2.23,-0.22,16.62,23,9370
460,ODISHA,79.17,71.08,86.63,124091,102910,19280,77317,35,54,1466,1390,556,1360,1278,1311,14.17,6.1,2.25,82.9,15.5,89.4,37.9,94.8,92.8,1.87,2.59,-0.72,15.55,82,7193
455,ODISHA,87.51,82.06,92.55,303326,170800,98416,167936,128,105,2299,2285,1089,2188,2182,2138,13.21,5.11,1.46,56.3,32.4,93,47.4,99.4,95.2,1.27,1.64,-0.37,10.49,6,16520
462,ODISHA,85.37,78.67,91.84,215238,161716,42950,122397,108,55,2587,2587,906,2482,2454,2400,19.14,0.36,1.98,75.1,20,92.8,35,100,95.9,1.69,2.25,-0.56,13.17,28,12722
447,ODISHA,71.88,61.84,81.85,500987,400018,96964,302724,443,175,4368,4368,1805,4284,4217,4122,19.5,3.37,1.94,79.8,19.4,94.4,41.3,100,98.1,1.72,2.14,-0.43,20.01,67,21863
446,ODISHA,54.29,43.59,65.58,104303,91376,11073,63681,105,35,1553,1553,315,1483,1511,1402,6.78,54.29,1.29,87.6,10.6,90.3,20.3,100,95.5,1.05,1.52,-0.46,21.99,-28,5660
452,ODISHA,65.12,52.46,78.41,144771,131132,11297,78912,127,36,2173,2173,378,2167,2142,1776,15.76,53.58,1.98,90.6,7.8,81.7,17.4,100,99.7,1.75,2.19,-0.44,25.95,25,8233
441,ODISHA,83.25,76.49,84.49,70003,63765,5548,45217,20,10,911,911,323,908,905,800,23.79,12.55,2.11,91.1,7.9,87.8,35.5,100,99.7,1.84,2.37,-0.53,8,3,3609
438,ODISHA,65.5,53.77,77.08,263886,226705,35832,157698,457,85,2670,2670,600,2636,2613,2513,17.88,21.05,1.89,85.9,13.6,94.1,22.5,100,98.7,1.6,2.17,-0.57,23.31,23,11053
461,ODISHA,58.2,45.21,71.55,111226,97504,10960,64906,59,28,1225,1225,228,1218,1178,1152,13.46,33.8,1.78,87.7,9.9,94,18.6,100,99.4,1.4,2.16,-0.76,26.34,40,5434
451,ODISHA,60.22,47.27,73.34,267607,234740,26502,162870,669,122,2797,2797,527,2722,2743,2614,18.17,28.5,1.22,87.7,9.9,93.5,18.8,100,97.3,1.06,1.38,-0.32,26.07,-21,10953
463,ODISHA,50.88,39.87,62.61,173566,155720,16948,112714,347,54,2352,2343,441,2347,2323,2017,14.41,55.99,1.35,89.7,9.8,85.8,18.8,99.6,99.8,1.2,1.49,-0.29,22.74,24,8144
456,ODISHA,49.87,38.92,61.29,241469,216440,24795,165517,416,67,2834,2834,440,2776,2737,1797,14.25,50.56,0.73,89.6,10.3,63.4,15.5,100,98,0.6,0.85,-0.26,22.37,39,10219
457,ODISHA,49.49,38.95,60.29,124844,116987,7857,81077,192,22,1434,1370,371,1296,1053,1136,22.55,57.83,1.18,93.7,6.3,79.2,25.9,95.5,90.4,0.96,1.38,-0.42,21.34,243,5441
125,CHHATTISGARH,71.41,61.01,81.52,113829,80396,32959,71343,138,56,1575,1573,959,1557,1550,1412,8.31,46.18,1.72,70.6,29,89.7,60.9,99.9,98.9,1.55,1.89,-0.34,20.51,7,6269
134,CHHATTISGARH,61.16,50.88,71.23,149217,105207,42718,287025,122,31,2144,2142,945,2108,2091,1930,4.9,55.11,1.8,70.5,28.6,90,44.1,99.9,98.3,1.72,1.87,-0.15,20.35,17,8609
121,CHHATTISGARH,68.6,59.05,78.24,145254,93943,50098,90174,128,39,2435,2433,508,2377,2376,2017,5.74,62.28,2.25,64.7,34.5,82.8,20.9,99.9,97.6,2.14,2.35,-0.21,19.19,1,8627
124,CHHATTISGARH,73.22,62.26,83.88,199642,145069,53903,126607,407,88,2272,2268,1112,2249,2234,1975,10.33,40.9,1.07,72.7,27,86.9,48.9,99.8,99,0.91,1.23,-0.33,21.62,15,8687
120,CHHATTISGARH,73.7,61.72,85.59,304532,201583,102653,169328,366,174,2815,2815,2399,2743,2728,2702,24.57,11.56,1.26,66.2,33.7,96,85.2,100,97.4,1.09,1.43,-0.35,23.87,15,13566
131,CHHATTISGARH,76.97,66.98,87.19,256820,204175,52645,151916,300,167,2939,2935,2580,2901,2886,2670,10.19,26.36,1.32,79.5,20.5,90.8,87.8,99.9,98.7,1.2,1.44,-0.24,20.21,15,12163
118,CHHATTISGARH,79.69,70.51,88.8,247573,127187,119055,310605,192,92,1436,1430,1419,1425,1414,1431,13.7,11.89,0.9,51.4,48.1,99.7,98.8,99.6,99.2,0.82,0.99,-0.17,18.29,11,11410
130,CHHATTISGARH,76.43,66.21,86.5,374087,192388,176534,423006,230,202,2102,2101,2089,2056,2022,2057,17.82,11.72,1.2,51.4,47.2,97.9,99.4,100,97.8,1.09,1.3,-0.21,20.29,34,18322
126,CHHATTISGARH,71.54,60.37,83.01,175699,138588,36759,97201,176,152,1991,1984,1850,1945,1922,1948,13.52,27.1,1.25,78.9,20.9,97.8,92.9,99.6,97.7,1.11,1.39,-0.28,22.64,23,7901
117,CHHATTISGARH,78.95,69.24,88.84,122919,92425,30428,73423,45,33,1515,1511,1474,1492,1473,1390,7.33,25.96,3.77,75.2,24.8,91.7,97.3,99.7,98.5,3.31,4.22,-0.9,19.6,19,6980
112,CHHATTISGARH,54.94,44.49,65.7,140295,119954,19995,158302,278,105,2379,2371,787,2318,2310,2019,2.69,65.93,1.71,85.5,14.3,84.9,33.1,99.7,97.4,1.5,1.9,-0.41,21.21,8,7266
116,CHHATTISGARH,42.67,32.88,52.69,47215,39996,7188,61961,34,2,869,839,217,824,808,643,2.44,76.88,3.5,84.7,15.2,74,25,96.5,94.8,3.01,3.92,-0.91,19.81,16,3001
128,CHHATTISGARH,,,58.97,27947,23715,4232,18150,52,12,591,589,129,547,565,243,,,2.02,84.9,15.1,41.1,21.8,99.7,92.6,1.91,2.11,-0.2,,-18,1685
127,CHHATTISGARH,,,,146682,117475,29207,,354,169,1077,1076,644,1068,1057,975,,,1.16,80.1,19.9,90.5,59.8,99.9,99.2,1.06,1.26,-0.2,,11,5126
114,CHHATTISGARH,,,51.42,48407,43763,4644,33380,98,3,1053,839,297,711,641,652,,,2.61,90.4,9.6,61.9,28.2,79.7,67.5,2.58,2.63,-0.04,,70,2362
132,CHHATTISGARH,,,,38346,35031,3210,,76,5,937,864,215,881,894,667,,,2.04,91.4,8.4,71.2,22.9,92.2,94,2.08,2.01,0.07,,-13,2271
109,CHHATTISGARH,,,,113183,91890,21207,,75,21,1375,1373,1351,1353,1347,1342,,,2.07,81.2,18.7,97.6,98.3,99.9,98.4,1.8,2.33,-0.53,,6,6137
113,CHHATTISGARH,,,,155982,136552,19313,,365,169,1254,1249,1229,1234,1231,1133,,,0.7,87.5,12.4,90.4,98,99.6,98.4,0.63,0.76,-0.12,,3,5788
110,CHHATTISGARH,,,,251020,207373,43523,,239,217,2074,2071,1686,2043,2026,1857,,,1.89,82.6,17.3,89.5,81.3,99.9,98.5,1.62,2.17,-0.55,,17,10397
111,CHHATTISGARH,,,,149423,121833,25882,,278,171,2091,2090,374,2066,2047,1750,,,1.42,81.5,17.3,83.7,17.9,100,98.8,1.3,1.53,-0.23,,19,6638
133,CHHATTISGARH,,,,151031,109754,40433,,173,116,2162,2160,557,2128,2071,1920,,,1.75,72.7,26.8,88.8,25.8,99.9,98.4,1.58,1.91,-0.32,,57,7155
343,MADHYA PRADESH,58.02,44.45,70.3,135666,96731,25502,85786,417,192,1391,1391,282,1332,1307,1289,15.76,23.47,1.45,71.3,18.8,92.7,20.3,100,95.8,1.19,1.69,-0.51,25.85,25,4408
329,MADHYA PRADESH,72.07,57.64,84.2,344904,211566,127311,224714,968,388,3377,3198,928,3238,3221,3106,21.44,0.87,1.1,61.3,36.9,92,27.5,94.7,95.9,0.95,1.23,-0.28,26.56,17,11896
307,MADHYA PRADESH,76.59,63.96,87.2,309035,152802,151548,182201,616,279,3412,3225,914,3233,3205,2973,22.01,0.36,0.86,49.4,49,87.1,26.8,94.5,94.8,0.78,0.92,-0.15,23.24,28,11820
318,MADHYA PRADESH,77.93,68.29,86.3,353529,134738,215308,192313,224,156,3288,3288,1706,3182,3155,2945,19.34,3.55,1.65,38.1,60.9,89.6,51.9,100,96.8,1.7,1.61,0.09,18.01,27,21096
313,MADHYA PRADESH,73.5,60.21,85.2,130584,90830,37602,81316,181,173,1526,1509,445,1488,1421,1411,25.46,1.91,0.98,69.6,28.8,92.5,29.2,98.9,97.5,0.87,1.08,-0.21,24.99,67,6294
344,MADHYA PRADESH,63.73,49.47,76.2,346977,264729,81167,211411,726,505,3509,3471,609,3393,3309,3096,18.63,13.2,1.13,76.3,23.4,88.2,17.4,98.9,96.7,0.99,1.26,-0.27,26.73,84,12683
317,MADHYA PRADESH,65.1,52.53,76.6,251975,171925,77850,155961,315,344,2718,2484,533,2680,2673,2521,15.56,15.37,0.64,68.2,30.9,92.8,19.6,91.4,98.6,0.54,0.73,-0.19,24.07,7,11185
347,MADHYA PRADESH,62.57,50.71,73.3,299788,238016,60548,171373,833,392,2691,2689,378,2568,2570,2530,25.02,4.7,0.34,79.4,20.2,94,14,99.9,95.4,0.32,0.37,-0.05,22.59,-2,8853
310,MADHYA PRADESH,64.9,54.34,74.2,371976,273115,97244,209381,712,575,3458,3451,814,3385,3315,3194,23,4.18,1.01,73.4,26.1,92.4,23.5,99.8,97.9,0.92,1.09,-0.17,19.86,70,13498
332,MADHYA PRADESH,66.08,55.55,75.6,205526,151400,53892,120614,344,351,2729,2648,496,2630,2609,2143,20.46,16.81,1.01,73.7,26.2,78.5,18.2,97,96.4,0.99,1.04,-0.05,20.05,21,8672
337,MADHYA PRADESH,77.52,67.71,86.3,426174,277487,145399,260186,716,629,3830,3647,860,3626,3557,3528,21.09,9.33,1.5,65.1,34.1,92.1,22.5,95.2,94.7,1.34,1.64,-0.3,18.59,69,14973
312,MADHYA PRADESH,70.92,59.9,81,226083,169364,55746,141600,415,350,2365,2157,367,2089,2124,1989,19.49,13.15,1.14,74.9,24.7,84.1,15.5,91.2,88.3,0.97,1.29,-0.32,21.1,-35,8068
338,MADHYA PRADESH,73.79,63.42,83.4,395292,247711,145392,246179,513,382,4606,4569,1073,4402,4287,4155,17.88,14.36,1.18,62.7,36.8,90.2,23.3,99.2,95.6,1.05,1.29,-0.24,19.98,115,18238
336,MADHYA PRADESH,73.42,62.49,83.7,423630,249504,163673,264506,1115,515,5747,5607,1671,5096,5245,4968,16.22,13.19,0.72,58.9,38.6,86.4,29.1,97.6,88.7,0.59,0.84,-0.25,21.21,-149,16374
349,MADHYA PRADESH,67.34,56.06,78.1,118367,95458,22909,76339,361,251,1300,1266,317,1268,1265,1172,9.02,46.64,0.97,80.6,19.4,90.2,24.4,97.4,97.5,0.84,1.11,-0.27,22.04,3,3461
341,MADHYA PRADESH,68.36,58.16,78.3,183552,142343,40616,115958,509,331,2394,2364,535,2338,2307,2296,8.42,44.65,1.17,77.5,22.1,95.9,22.3,98.7,97.7,1.06,1.27,-0.21,20.14,31,6798
345,MADHYA PRADESH,66.09,55.23,76.5,227539,166405,60386,142457,603,338,2786,2674,494,2623,2465,2649,11.55,27.8,1.31,73.1,26.5,95.1,17.7,96,94.1,1.15,1.46,-0.31,21.27,158,8537
331,MADHYA PRADESH,71.81,57.25,85.9,122940,65128,57010,79006,83,130,1662,1643,573,1604,1584,1566,13.46,8.65,1.12,53,46.4,94.2,34.5,98.9,96.5,1.04,1.19,-0.15,28.65,20,6875
328,MADHYA PRADESH,72.75,58.3,86.8,208907,108152,100755,129154,273,248,2477,2408,815,2206,2200,2053,18.58,2.47,0.86,51.8,48.2,82.9,32.9,97.2,89.1,0.81,0.9,-0.09,28.5,6,8854
335,MADHYA PRADESH,68.03,56.45,79.4,246002,152956,92574,160977,367,187,2724,2451,634,2373,2281,2488,13.65,28.17,0.59,62.2,37.6,91.3,23.3,90,87.1,0.49,0.69,-0.19,22.95,92,11983
348,MADHYA PRADESH,73.55,61.4,85.2,317880,141117,173503,200794,342,212,3216,3048,1092,2895,2884,2873,26.37,2.45,1.1,44.4,54.6,89.3,34,94.8,90,0.95,1.25,-0.3,23.8,11,15115
342,MADHYA PRADESH,70.17,56.36,83.2,156034,72540,81971,164277,196,165,1923,1843,618,1837,1830,1727,23.4,2.5,0.67,46.5,52.5,89.8,32.1,95.8,95.5,0.61,0.72,-0.11,26.84,7,7633
314,MADHYA PRADESH,70.53,58.27,82.1,263520,141331,121263,170235,380,317,3007,3004,904,2864,2848,2757,18.67,17.44,1.07,53.6,46,91.7,30.1,99.9,95.2,0.92,1.21,-0.28,23.83,16,12111
323,MADHYA PRADESH,44.45,34.29,54.7,221335,181539,39747,160792,1178,160,2602,2469,340,2510,2483,2340,1.7,87,0.48,82,18,89.9,13.1,94.9,96.5,0.46,0.5,-0.04,20.41,27,6561
315,MADHYA PRADESH,60.57,49.69,71.1,371140,242715,128425,264966,942,333,4921,4714,1028,4513,4136,4462,6.65,55.94,0.99,65.4,34.6,90.7,20.9,95.8,91.7,0.88,1.09,-0.21,21.41,377,15490
321,MADHYA PRADESH,82.32,74.89,89.2,612388,125212,480096,298804,962,404,3925,3788,2326,3746,3715,3785,16.64,6.64,0.87,20.4,78.4,96.4,59.3,96.5,95.4,0.79,0.95,-0.16,14.31,31,17470
305,MADHYA PRADESH,50.23,43.07,57.3,214455,167867,44777,192955,761,198,3343,3343,505,2759,2558,2967,6.35,69.43,0.54,78.3,20.9,88.8,15.1,100,82.5,0.48,0.59,-0.11,14.23,201,8792
334,MADHYA PRADESH,62.68,49.79,75.1,280097,170556,107713,172711,361,315,3420,3292,883,3276,3163,3109,19.13,3.48,1.34,60.9,38.5,90.9,25.8,96.3,95.8,1.25,1.42,-0.17,25.31,113,13306
350,MADHYA PRADESH,72.08,61.67,81.4,273637,189061,79900,177302,251,355,3195,3035,558,2965,2899,2775,20.03,4.63,1.46,69.1,29.2,86.9,17.5,95,92.8,1.25,1.65,-0.4,19.73,66,12114
308,MADHYA PRADESH,82.26,76.57,87.4,431042,112048,287529,225095,341,169,3089,3072,2027,3028,3002,2957,15.08,2.93,0.28,26,66.7,95.7,65.6,99.4,98,0.25,0.31,-0.05,10.83,26,21989
339,MADHYA PRADESH,71.11,58.86,82.4,221335,120446,98105,144504,270,276,2827,2616,879,2757,2750,2143,20.69,11.1,0.59,54.4,44.3,75.8,31.1,92.5,97.5,0.58,0.6,-0.02,23.54,7,10994
333,MADHYA PRADESH,74.26,65.09,82.5,228157,145715,80172,152685,244,266,2973,2856,759,2876,2852,2841,16.96,15.4,1.17,63.9,35.1,95.6,25.5,96.1,96.7,1.07,1.26,-0.19,17.41,24,11217
306,MADHYA PRADESH,70.14,61.63,78.4,245960,191524,54112,154333,319,481,3223,3138,415,3069,3045,2972,10.11,42.34,0.97,77.9,22,92.2,12.9,97.4,95.2,0.86,1.08,-0.22,16.77,24,10563
319,MADHYA PRADESH,74.04,64.3,83.1,97529,61216,35913,61731,161,173,1062,1050,317,912,1032,1000,16.28,27.99,1.15,62.8,36.8,94.2,29.8,98.9,85.9,0.85,1.42,-0.57,18.8,-120,4214
320,MADHYA PRADESH,76.52,67.04,85.2,224868,106541,118327,118184,212,170,2209,2198,515,2133,2098,1775,16.52,15.89,1.6,47.4,52.6,80.4,23.3,99.5,96.6,1.59,1.61,-0.03,18.16,35,9863
324,MADHYA PRADESH,73.62,62.47,84.2,241874,173899,67648,140981,403,419,2245,2090,470,2185,2173,2095,12.05,24.59,1.54,71.9,28,93.3,20.9,93.1,97.3,1.31,1.75,-0.44,21.73,12,7625
322,MADHYA PRADESH,82.47,75.3,89.1,360989,180385,173851,216493,470,407,3195,3175,1157,2886,3019,2956,14.13,15.23,1.11,50,48.2,92.5,36.2,99.4,90.3,1.09,1.13,-0.04,13.8,-133,15791
330,MADHYA PRADESH,76.79,67.64,85.2,167498,106070,61151,101607,192,236,2027,2014,473,1972,1976,1627,16.87,13.36,1.27,63.3,36.5,80.3,23.3,99.4,97.3,1.13,1.4,-0.27,17.56,-4,8263
316,MADHYA PRADESH,65.47,53.49,77.6,131327,113957,17370,81846,523,195,2022,1763,217,1946,1929,1735,5.65,64.7,1.4,86.8,13.2,85.8,10.7,87.2,96.2,1.17,1.64,-0.47,24.11,17,4860
327,MADHYA PRADESH,68.28,57.2,79.5,178389,149853,28536,110253,573,298,2867,2718,302,2713,2711,2578,4.59,57.88,1.13,84,16,89.9,10.5,94.8,94.6,1.05,1.21,-0.16,22.3,2,6976
311,MADHYA PRADESH,72.21,63.38,80.8,324014,231508,91942,197338,541,487,4280,4239,786,4081,4032,4127,11.11,36.82,1.77,71.4,28.4,96.4,18.4,99,95.4,1.59,1.95,-0.36,17.42,49,14426
340,MADHYA PRADESH,73.01,64.14,81.8,215173,162018,51739,132954,212,364,3258,2840,454,3147,3075,2822,9.48,37.69,1.49,75.3,24,86.6,13.9,87.2,96.6,1.34,1.64,-0.3,17.66,72,10517
304,MADHYA PRADESH,78.29,69.71,87.1,253829,186130,67329,152492,201,330,3249,3249,580,3190,3174,2984,7.37,22.51,1.77,73.3,26.5,91.8,17.9,100,98.2,1.56,1.98,-0.42,17.39,16,13144
303,MADHYA PRADESH,67.9,54.18,80.2,166501,120760,44081,102989,324,234,1736,1703,323,1505,1551,1372,20.8,9.71,0.79,72.5,26.5,79,18.6,98.1,86.7,0.93,0.67,0.25,26.02,-46,6389
302,MADHYA PRADESH,69.08,57.89,80.1,117324,87584,29615,77374,252,171,1789,1653,272,1722,1600,1515,9.93,47.85,1.61,74.7,25.2,84.7,15.2,92.4,96.3,1.44,1.77,-0.32,22.21,122,5147
309,MADHYA PRADESH,65.28,57.12,73.1,123814,82645,38085,90094,261,124,910,903,314,875,864,808,8.48,30.36,0.79,66.7,30.8,88.8,34.5,99.2,96.2,0.79,0.78,0.01,15.98,11,4307
301,MADHYA PRADESH,37.22,30.97,43.6,142319,128661,13383,111658,840,65,2410,2410,205,2335,2316,2131,3.69,88.98,0.59,90.4,9.4,88.4,8.5,100,96.9,0.51,0.65,-0.14,12.63,19,5133
346,MADHYA PRADESH,62.36,49.86,73.8,248201,187260,60283,151138,881,374,2335,2073,387,1919,2000,2024,12.79,32.59,1.11,75.4,24.3,86.7,16.6,88.8,82.2,0.96,1.24,-0.28,23.94,-81,6692
300,MADHYA PRADESH,,,,99648,56497,42417,,177,146,1205,1176,251,1172,1163,1098,,,0.86,56.7,42.6,91.1,20.8,97.6,97.3,0.84,0.88,-0.04,,9,4204
156,GUJARAT,71.58,61.62,80.6,369518,266806,102712,234042,223,32,2121,2121,2104,2016,1989,1942,12.37,1.16,0.91,72.2,27.8,91.6,99.2,100,95,0.76,1.04,-0.28,18.98,27,13397
145,GUJARAT,66.39,52.58,79.45,588697,512265,76432,381163,296,24,2730,2730,2714,2727,2704,2451,10.49,9.11,0.89,87,13,89.8,99.4,100,99.9,0.72,1.03,-0.3,26.87,23,19361
164,GUJARAT,73.47,62.01,84.28,220701,184594,36107,138195,59,13,965,965,965,937,927,912,9.18,0.99,1.05,83.6,16.4,94.5,100,100,97.1,0.87,1.2,-0.34,22.27,10,7523
158,GUJARAT,84.26,76.12,91.88,297501,219511,77990,174840,47,33,1291,1291,1289,1255,1243,1263,7.98,0.46,0.92,73.8,26.2,97.8,99.8,100,97.2,0.79,1.02,-0.23,15.76,12,10893
167,GUJARAT,76.6,65.29,87.45,227556,179467,48089,249776,101,37,1534,1534,1534,1534,1527,1512,7.73,22.32,1.01,78.9,21.1,98.6,100,100,100,0.89,1.12,-0.23,22.16,7,9622
152,GUJARAT,85.78,77.37,93.59,237465,132641,104824,121780,58,25,1002,1002,1002,964,967,1002,7.8,1.31,0.9,55.9,44.1,100,100,100,96.2,0.79,0.99,-0.2,16.22,-3,9413
141,GUJARAT,86.65,80.29,92.44,980356,346552,633804,609612,597,179,2912,2912,2912,2849,2825,2882,10.53,1.24,0.8,35.3,64.7,99,100,100,97.8,0.68,0.9,-0.22,12.15,24,28401
169,GUJARAT,73.19,62.2,83.47,249702,194738,54964,178237,78,20,1143,1143,1141,1103,1096,1079,10.22,1.22,1.47,78,22,94.4,99.8,100,96.5,1.29,1.63,-0.33,21.27,7,8947
166,GUJARAT,82.2,75.26,88.67,429430,180576,248854,318580,145,27,1990,1979,1988,1907,1878,1975,7.63,0.63,0.67,42.1,57.9,99.2,99.9,99.4,95.8,0.6,0.73,-0.13,13.41,29,16583
154,GUJARAT,74.4,65.97,82.35,187042,104614,82428,194472,62,19,1059,1059,1056,991,971,1047,8.05,1.12,0.83,55.9,44.1,98.9,99.7,100,93.6,0.74,0.91,-0.17,16.38,20,7441
165,GUJARAT,76.63,68.32,84.56,80960,50429,29415,48861,9,0,458,457,447,437,433,427,8.85,2.23,0.93,62.3,36.3,93.2,97.6,99.8,95.4,0.87,0.98,-0.11,16.24,4,3434
155,GUJARAT,76.88,67.59,85.8,192807,98327,94480,231140,18,5,1243,1243,1238,1202,1216,1235,9.69,2.03,1.08,51,49,99.4,99.6,100,96.7,0.9,1.23,-0.34,18.21,-14,9003
142,GUJARAT,74.49,66.97,81.82,198141,149797,48344,128931,33,4,1041,1041,1041,1008,1006,1041,8.78,0.48,0.99,75.6,24.4,100,100,100,96.8,0.87,1.09,-0.22,14.85,2,8032
147,GUJARAT,76.84,66.92,86.15,372955,276162,96793,283467,92,11,1329,1329,1329,1261,1244,1317,5.45,0.32,0.94,74,26,99.1,100,100,94.9,0.82,1.04,-0.22,19.23,17,12448
143,GUJARAT,85.79,77.76,93.23,306127,209029,97098,182707,94,55,1382,1382,1382,1307,1300,1376,4.99,1.19,1.35,68.3,31.7,99.6,100,100,94.6,1.18,1.49,-0.32,15.47,7,10633
157,GUJARAT,84.31,74.67,93.4,294323,227747,66576,211413,113,37,1633,1633,1631,1593,1595,1588,5.03,1.75,1.18,77.4,22.6,97.2,99.9,100,97.6,1.01,1.32,-0.32,18.73,-2,10557
163,GUJARAT,72.32,59.95,84.07,270973,226870,44103,263485,88,19,1599,1599,1599,1580,1567,1468,4.2,30.18,1.35,83.7,16.3,91.8,100,100,98.8,1.2,1.49,-0.29,24.12,13,9598
151,GUJARAT,60.6,49.02,72.14,407510,371187,36323,306374,306,18,1893,1893,1889,1877,1865,1687,1.95,74.32,0.85,91.1,8.9,89.1,99.8,100,99.2,0.74,0.95,-0.21,23.12,12,12932
172,GUJARAT,81.21,74.4,87.59,424226,201838,222388,363506,142,51,1724,1724,1724,1680,1665,1714,5.32,27.61,1.11,47.6,52.4,99.4,100,100,97.4,0.92,1.28,-0.36,13.19,15,15259
161,GUJARAT,73.29,63.62,82.6,84510,75012,9498,57054,37,7,791,790,786,787,781,789,1.48,81.55,1.98,88.8,11.2,99.7,99.4,99.9,99.5,1.69,2.25,-0.56,18.98,6,3491
146,GUJARAT,83.03,76.79,88.8,224389,128878,95511,131300,86,29,1221,1221,1221,1169,1161,1108,4.01,31.48,1.09,57.4,42.6,90.7,100,100,95.7,1,1.17,-0.17,12.01,8,8949
168,GUJARAT,86.65,81.02,91.05,838646,283432,555214,537397,466,103,2447,2446,2447,2341,2329,2429,2.6,14.09,1.01,33.8,66.2,99.3,100,100,95.7,0.94,1.07,-0.13,10.03,12,25624
171,GUJARAT,76.8,68.75,84.98,56331,52736,3595,30270,30,3,425,425,425,425,423,424,0.44,94.65,2.51,93.6,6.4,99.8,100,100,100,2.4,2.61,-0.2,16.23,2,2138
162,GUJARAT,84.78,79.3,90.06,161606,101859,59747,97702,49,4,905,905,905,883,882,896,2.67,48.11,1.15,63,37,99,100,100,97.6,0.99,1.29,-0.3,10.76,1,6254
173,GUJARAT,80.94,74.96,86.48,252554,162588,89966,158038,129,19,1284,1284,1283,1276,1265,1277,2.24,52.93,0.86,64.4,35.6,99.5,99.9,100,99.4,0.76,0.95,-0.19,11.52,11,9392
170,GUJARAT,69.23,61.69,76.86,104282,90501,13781,64508,37,9,922,922,921,921,915,902,1.01,84.18,0.96,86.8,13.2,97.8,99.9,100,99.9,0.77,1.15,-0.38,15.17,6,4387
144,GUJARAT,,,,160069,129921,30148,,26,17,1412,1412,1412,1411,1411,1412,,,0.99,81.2,18.8,100,100,100,99.9,0.82,1.15,-0.33,,0,7289
148,GUJARAT,,,,110213,83834,26379,,28,6,355,353,354,339,340,351,,,0.96,76.1,23.9,98.9,99.7,99.4,95.5,0.93,0.99,-0.06,,-1,3481
153,GUJARAT,,,,185779,127478,58301,,18,3,868,868,862,826,821,868,,,1.15,68.6,31.4,100,99.3,100,95.2,1,1.28,-0.28,,5,7490
159,GUJARAT,,,,158969,140342,18627,,28,13,1366,1366,1365,1361,1353,1266,,,1.71,88.3,11.7,92.7,99.9,100,99.6,1.47,1.92,-0.45,,8,6785
160,GUJARAT,,,,154262,95567,58695,,43,5,799,799,789,763,760,787,,,0.82,62,38,98.5,98.7,100,95.5,0.74,0.89,-0.14,,3,6182
138,DADRA AND NAGAR HAVELI & DAMAN AND DIU,83.36,75.83,91.24,6795,4662,2133,4826,4,0,41,41,41,38,38,41,3.58,0.24,0.59,68.6,31.4,100,100,100,92.7,0.53,0.65,-0.11,15.41,0,328
137,DADRA AND NAGAR HAVELI & DAMAN AND DIU,88.06,81.14,91.53,21183,10241,10942,15066,13,3,79,79,79,79,79,78,2.23,7.97,0.55,48.3,51.7,98.7,100,100,100,0.49,0.6,-0.12,10.39,0,835
371,MAHARASTRA,63.04,53.9,71.98,265561,129755,135522,178959,389,103,1988,1988,1141,1965,1951,1834,2.91,69.28,0.72,48.9,51,92.3,57.4,100,98.8,0.66,0.77,-0.11,18.08,14,10600
359,MAHARASTRA,74.61,66.21,82.59,331141,108174,222864,200620,431,153,1916,1913,1654,1847,1820,1883,6.22,31.56,1.35,32.7,67.3,98.3,86.3,99.8,96.4,1.08,1.58,-0.5,16.38,27,12948
363,MAHARASTRA,79.73,70.92,87.97,640881,226601,413783,385641,646,197,3121,3121,2707,3014,2982,3111,9.2,14.29,1.02,35.4,64.6,99.7,86.7,100,96.6,0.79,1.2,-0.41,17.05,32,23349
357,MAHARASTRA,82.09,72.95,90.69,382100,189562,192373,237436,292,94,2205,2205,1816,2163,2140,2104,18.21,4.83,1.95,49.6,50.3,95.4,82.4,100,98.1,1.62,2.24,-0.62,17.74,23,15758
352,MAHARASTRA,87.55,81.91,92.89,244765,90701,153847,150007,143,58,1595,1563,1402,1541,1489,1566,20.07,5.53,3.11,37.1,62.9,98.2,87.9,98,96.6,2.72,3.47,-0.75,10.98,52,11610
385,MAHARASTRA,81.7,72.26,90.54,178688,82171,96429,111363,106,73,1245,1245,1027,1235,1215,1232,19.17,6.72,2.12,46,54,99,82.5,100,99.2,1.79,2.41,-0.62,18.28,20,7817
353,MAHARASTRA,88.23,83.52,92.7,370550,160421,209465,221384,255,78,2599,2599,2300,2553,2502,2580,17.53,13.99,1.89,43.3,56.5,99.3,88.5,100,98.2,1.61,2.16,-0.55,9.18,51,17851
384,MAHARASTRA,87.22,81.89,92.27,154329,57870,96238,92637,75,14,1394,1394,1381,1383,1379,1385,14.52,11.49,3.17,37.5,62.4,99.4,99.1,100,99.2,2.66,3.63,-0.97,10.38,4,8489
369,MAHARASTRA,89.52,85.07,93.76,620005,127673,488064,356737,352,78,3657,3657,3521,3643,3598,3622,18.65,9.4,1.79,20.6,78.7,99,96.3,100,99.6,1.6,1.96,-0.37,8.69,45,30493
355,MAHARASTRA,85.14,77.02,93.17,148366,69922,77723,89295,66,28,1226,1221,1198,1212,1198,1218,16.69,7.41,3.26,47.1,52.4,99.3,97.7,99.6,98.9,2.96,3.55,-0.59,16.15,14,7924
361,MAHARASTRA,85.41,77.3,93.54,168918,89294,79374,100329,58,47,1505,1503,1296,1494,1484,1491,13.31,16.2,2.52,52.9,47,99.1,86.1,99.9,99.3,2.15,2.87,-0.72,16.24,10,8946
360,MAHARASTRA,70.55,60.66,80.21,142909,81911,60829,87981,50,28,1931,1931,1216,1872,1851,1711,11.25,38.71,3.54,57.3,42.6,88.6,63,100,96.9,3.23,3.84,-0.6,19.55,21,8605
358,MAHARASTRA,81.35,73.65,88.73,273822,120542,151930,165736,138,58,2276,2276,2089,2246,2222,2253,15.8,17.67,2.54,44,55.5,99,91.8,100,98.7,2.25,2.8,-0.55,15.08,24,14570
386,MAHARASTRA,80.7,72.41,88.58,388194,205105,182783,236940,283,132,3030,3030,2728,3006,2985,2985,11.85,18.54,2.04,52.8,47.1,98.5,90,100,99.2,1.82,2.23,-0.41,16.17,21,16855
370,MAHARASTRA,76.94,66.68,86.62,518978,233872,285036,337436,383,186,3401,3369,2333,3341,3295,3259,19.06,8.38,1.62,45.1,54.9,95.8,68.6,99.1,98.2,1.35,1.88,-0.53,19.94,46,21661
362,MAHARASTRA,76.04,64.73,86.73,187660,111834,75814,122653,164,55,1182,1182,895,1170,1151,1151,15.51,9.51,1.86,59.6,40.4,97.4,75.7,100,99,1.59,2.12,-0.53,22,19,7501
375,MAHARASTRA,75.22,64.27,85.66,311721,139114,172607,190060,259,72,1791,1700,1304,1762,1736,1724,13.47,2.21,2.21,44.6,55.4,96.3,72.8,94.9,98.4,2,2.4,-0.39,21.39,26,11686
364,MAHARASTRA,73.61,61.28,85.25,320497,173692,146694,210046,392,112,2137,2137,1501,2117,2101,2061,13.9,2.16,1.25,54.2,45.8,96.4,70.2,100,99.1,1.11,1.38,-0.27,23.97,16,12041
372,MAHARASTRA,80.96,73.43,88.03,949304,380710,567501,593521,980,244,4978,4978,4338,4896,4862,4878,9.08,25.62,1.18,40.1,59.8,98,87.1,100,98.4,1.01,1.33,-0.32,14.6,34,32606
383,MAHARASTRA,86.18,80.78,90.9,1175100,218877,934284,967257,947,200,3711,3711,3361,3683,3660,3625,6.6,13.95,1.01,18.6,79.5,97.7,90.6,100,99.2,0.89,1.13,-0.24,10.12,23,34269
376,MAHARASTRA,87.19,81.13,92.72,1350770,396040,948175,784839,770,263,6454,6454,6110,6340,6298,6344,12.52,3.7,1.55,29.3,70.2,98.3,94.7,100,98.2,1.42,1.66,-0.24,11.59,42,53549
351,MAHARASTRA,80.22,71.15,88.81,655107,260081,394724,400320,389,241,4916,4887,4487,4858,4833,4802,12.63,8.33,1.78,39.7,60.3,97.7,91.3,99.4,98.8,1.52,2,-0.47,17.66,25,28298
356,MAHARASTRA,73.53,62.29,83.99,439669,197954,241715,262257,188,132,3505,3446,2134,3186,3066,3276,13.59,1.27,2.19,45,55,93.5,60.9,98.3,90.9,1.86,2.46,-0.6,21.7,120,21071
366,MAHARASTRA,79.03,70.02,87.42,408064,137032,271032,231868,198,101,2341,2335,1977,2323,2297,2313,19.6,2.34,1.74,33.6,66.4,98.8,84.5,99.7,99.2,1.53,1.91,-0.37,17.4,26,17856
373,MAHARASTRA,76.33,66.67,85.31,222307,113647,108165,149867,112,43,1591,1591,1276,1564,1549,1559,16,2.17,2.53,51.1,48.7,98,80.2,100,98.3,2.26,2.77,-0.52,18.64,15,10228
382,MAHARASTRA,77.72,68.55,86.35,630813,237567,391782,387414,390,170,4437,4430,3886,4376,4350,4404,15.05,1.8,1.46,37.7,62.1,99.3,87.6,99.8,98.6,1.23,1.66,-0.44,17.8,26,28220
380,MAHARASTRA,84.2,76.29,92.09,358224,156291,201121,226616,175,67,3583,3583,3211,3546,3534,3475,10.76,0.99,2.06,43.6,56.1,97,89.6,100,99,1.81,2.28,-0.47,15.8,12,19106
378,MAHARASTRA,82.43,74.55,91.43,189811,102260,86901,113298,59,44,3099,3098,2885,3072,3074,3022,4.15,1.26,2.99,53.9,45.8,97.5,93.1,100,99.1,2.62,3.35,-0.73,16.88,-2,12259
381,MAHARASTRA,86.54,79.73,93.68,86617,45300,41114,51637,20,21,1666,1663,1639,1660,1664,1622,6.54,0.82,4.31,52.3,47.5,97.4,98.4,99.8,99.6,3.76,4.81,-1.04,13.95,-4,6732
365,MAHARASTRA,82.9,74.18,91.33,481862,206600,274822,289670,262,113,3173,3173,2879,3075,3051,3116,13.02,0.78,1.57,42.9,57,98.2,90.7,100,96.9,1.36,1.74,-0.38,17.15,24,21769
379,MAHARASTRA,82.62,74.66,90.4,359536,139551,219554,217977,253,60,2648,2648,2009,2572,2538,2644,12.51,0.65,2.98,38.8,61.1,99.8,75.9,100,97.1,2.63,3.27,-0.64,15.74,34,16435
374,MAHARASTRA,,,,561576,221867,329887,,765,122,2907,2903,2402,2898,2888,2824,,,1.07,39.5,58.7,97.1,82.6,99.9,99.7,0.96,1.16,-0.2,,10,16460
12,ANDHRA PRADESH,62.3,52.56,72.25,311935,207494,102122,207805,285,119,3867,3561,3710,3788,3739,3590,9.46,6.15,1.26,66.5,32.7,92.8,95.9,92.1,98,1.18,1.35,-0.17,19.69,49,16650
14,ANDHRA PRADESH,59.49,50.16,69.04,263412,175986,87426,175612,229,83,3348,3056,2962,3303,3265,3024,10.57,10.05,1.17,66.8,33.2,90.3,88.5,91.3,98.7,1.02,1.31,-0.29,18.88,38,15064
13,ANDHRA PRADESH,67.7,60,75.48,493856,255383,237048,327917,629,178,5202,4960,4030,5050,5016,4531,7.68,14.42,1.11,51.7,48,87.1,77.5,95.3,97.1,1,1.21,-0.21,15.48,34,19466
6,ANDHRA PRADESH,71.35,67.82,74.91,593110,325882,265137,379527,512,253,5986,5903,5709,5950,5890,5738,18.34,4.14,1.16,54.9,44.7,95.9,95.4,98.6,99.4,1.05,1.26,-0.22,7.09,60,32079
15,ANDHRA PRADESH,74.32,71.05,77.63,426586,227900,198024,277382,448,139,4400,4370,4164,4382,4352,4285,20.62,2.77,1.68,53.4,46.4,97.4,94.6,99.3,99.6,1.55,1.82,-0.27,6.58,30,19885
8,ANDHRA PRADESH,74.37,69.62,79.13,463007,188475,270556,311406,462,184,4443,4406,4113,4418,4389,4296,19.28,2.93,1.52,40.7,58.4,96.7,92.6,99.2,99.4,1.34,1.69,-0.35,9.51,29,23972
7,ANDHRA PRADESH,67.99,60.64,75.4,524386,255110,252535,364741,536,200,4739,4735,4549,4711,4665,4504,19.59,5.06,1.38,48.6,48.2,95,96,99.9,99.4,1.25,1.51,-0.26,14.76,46,24723
10,ANDHRA PRADESH,63.53,53.4,73.54,393546,236138,150669,279116,437,136,4311,4239,4034,4275,4224,4148,23.19,4.45,1.88,60,38.3,96.2,93.6,98.3,99.2,1.71,2.04,-0.33,20.14,51,20745
11,ANDHRA PRADESH,69.15,62.3,75.93,318825,191065,126599,223115,372,132,4351,4065,4099,4321,4283,4140,22.49,9.65,1.21,59.9,39.7,95.2,94.2,93.4,99.3,1.03,1.37,-0.35,13.63,38,17869
16,ANDHRA PRADESH,67.88,57.26,78.41,347047,178095,167279,244146,262,113,4486,4234,4153,4461,4402,4245,16.16,2.63,1.75,51.3,48.2,94.6,92.6,94.4,99.4,1.61,1.88,-0.27,21.15,59,17753
9,ANDHRA PRADESH,61.13,50.81,71.36,535571,321140,212036,372891,1070,166,4179,3742,3753,4142,4048,3910,18.21,2.04,1.71,60,39.6,93.6,89.8,89.5,99.1,1.64,1.78,-0.13,20.55,94,23644
4,ANDHRA PRADESH,64.28,54.31,74.09,476337,288415,186576,329609,624,152,5024,4289,4710,4993,4920,4791,14.29,3.78,1.28,60.5,39.2,95.4,93.8,85.4,99.4,1.17,1.37,-0.2,19.78,73,21170
5,ANDHRA PRADESH,72.36,63.65,81.15,463692,277598,185197,321957,652,169,6099,6002,5936,6079,6029,5759,18.83,3.81,1.64,59.9,39.9,94.4,97.3,98.4,99.7,1.4,1.85,-0.44,17.5,50,23880
256,KARNATAKA,73.94,64.74,82.9,309495,190981,118514,,240,37,1847,1847,1806,1824,1808,1753,12.08,6.22,1.1,61.7,38.3,94.9,97.8,100,98.8,0.96,1.24,-0.29,18.16,16,10715
253,KARNATAKA,69.39,58.55,80.16,317068,198979,118089,203219,342,48,1822,1822,1790,1780,1761,1706,16.89,5.14,1.22,62.8,37.2,93.6,98.2,100,97.7,1.07,1.35,-0.28,21.61,19,10068
268,KARNATAKA,65.65,55.87,,463732,251105,212455,272154,562,65,2895,2890,2703,2883,2860,2595,25.28,2.54,1.31,54.1,45.8,89.6,93.4,99.8,99.6,1.17,1.44,-0.27,,23,15480
258,KARNATAKA,71.01,61.66,79.94,295146,135676,159470,168415,296,32,2111,2111,1928,2106,2094,1914,23.47,13.85,1.49,46,54,90.7,91.3,100,99.8,1.4,1.57,-0.18,18.28,12,10653
276,KARNATAKA,60.46,49.56,71.35,321473,226326,95147,211778,442,44,2014,2014,1979,2009,1990,1603,20.79,19.03,1.07,70.4,29.6,79.6,98.3,100,99.8,0.92,1.2,-0.28,21.79,19,10735
273,KARNATAKA,67.28,56.22,78.21,230145,167896,62249,151725,254,21,1313,1313,1220,1306,1284,1176,18.61,11.82,1.3,73,27,89.6,92.9,100,99.5,1.13,1.46,-0.33,21.99,22,7606
267,KARNATAKA,75.18,65.29,84.89,152976,97530,55446,97470,112,21,863,863,858,815,798,824,16.36,5.79,2.24,63.8,36.2,95.5,99.4,100,94.4,1.98,2.49,-0.51,19.6,17,5480
266,KARNATAKA,80.3,73.57,86.83,261323,134854,126469,155729,151,35,1227,1227,1183,1178,1162,1136,9.63,4.74,1.28,51.6,48.4,92.6,96.4,100,96,1.14,1.41,-0.27,13.26,16,9008
281,KARNATAKA,84.03,78.21,89.72,80940,47948,32992,,37,13,1105,1105,1103,1100,1095,962,8.1,2.38,2.75,59.2,40.8,87.1,99.8,100,99.5,2.43,3.06,-0.64,11.51,5,4288
270,KARNATAKA,77.6,70.65,84.22,221045,147867,73178,144551,149,19,1506,1506,1493,1462,1439,1491,13.77,8.85,1.72,66.9,33.1,99,99.1,100,97.1,1.47,1.95,-0.48,13.57,23,8162
257,KARNATAKA,67.85,58.28,77.24,395103,238074,157029,253461,484,73,2025,2024,1956,2012,2000,1806,21.1,18.41,1.19,60.3,39.7,89.2,96.6,100,99.4,1.04,1.33,-0.29,18.96,12,11703
263,KARNATAKA,73.82,66.05,81.37,207234,130437,76797,137222,141,22,2031,2030,2014,2028,2019,1880,23.45,18.23,1.9,62.9,37.1,92.6,99.2,100,99.9,1.6,2.19,-0.59,15.32,9,8660
265,KARNATAKA,76.3,69.39,83.02,258897,134252,124645,158348,151,20,1955,1955,1881,1940,1918,1812,20.18,11.98,1.32,51.9,48.1,92.7,96.2,100,99.2,1.16,1.46,-0.31,13.63,22,10465
278,KARNATAKA,80.5,74.89,86.11,215092,114757,100335,129539,149,30,2340,2340,2262,2333,2331,2110,17.58,3.73,1.79,53.4,46.6,90.2,96.7,100,99.7,1.6,1.97,-0.36,11.22,2,9376
280,KARNATAKA,86.29,81.41,91.69,124424,47127,77297,73055,109,13,973,973,963,970,952,913,6.41,4.49,1.83,37.9,62.1,93.8,99,100,99.7,1.59,2.05,-0.46,10.28,18,4705
262,KARNATAKA,79.24,72.88,85.66,122133,70180,51953,75667,51,17,1751,1751,1736,1745,1743,1621,22.29,3.95,1.63,57.5,42.5,92.6,99.1,100,99.7,1.35,1.89,-0.53,12.78,2,6970
279,KARNATAKA,74.32,66.45,82.05,189213,98232,90981,,97,12,2492,2492,2444,2488,2483,2270,18.92,7.82,1.2,51.9,48.1,91.1,98.1,100,99.8,1.05,1.34,-0.29,15.6,5,8526
272,KARNATAKA,74.33,66.56,81.94,190120,93168,96952,125881,122,23,2218,2217,2160,2126,2010,2095,30.32,5.13,0.87,49,51,94.5,97.4,100,95.9,0.76,0.98,-0.22,15.38,116,8706
255,KARNATAKA,78.29,70.73,85.44,122799,55979,66820,76980,61,5,1376,1376,1364,1373,1371,1314,21.57,5.34,1.31,45.6,54.4,95.5,99.1,100,99.8,1.11,1.5,-0.38,14.71,2,5971
274,KARNATAKA,70.14,62.1,78.14,183031,95106,87925,124847,116,26,2125,2125,2125,2116,2101,2068,14.69,1.24,1.7,52,48,97.3,100,100,99.6,1.38,1.99,-0.62,16.04,15,7936
269,KARNATAKA,75.89,68.3,83.55,184523,102169,82354,117054,89,24,2781,2781,2775,2769,2763,2753,19.42,1.82,1.51,55.4,44.6,99,99.8,100,99.6,1.22,1.79,-0.56,15.25,6,9476
264,KARNATAKA,88.62,84.04,93.31,255389,91643,163746,149387,222,21,1480,1480,1480,1473,1472,1415,7.09,3.94,1.55,35.9,64.1,95.6,100,100,99.5,1.26,1.81,-0.56,9.27,1,7932
271,KARNATAKA,82.52,77.91,87.24,65045,30406,34639,39503,53,9,546,546,535,546,546,534,13.27,10.47,1.42,46.7,53.3,97.8,98,100,100,1.24,1.59,-0.35,9.33,0,2785
275,KARNATAKA,72.56,66.59,78.44,357751,170641,187110,222820,227,39,2628,2628,2574,2616,2585,2542,17.88,11.15,1.23,47.7,52.3,96.7,97.9,100,99.5,1.07,1.38,-0.31,11.85,31,14257
260,KARNATAKA,61.12,54.32,67.88,109686,69376,40310,73751,114,19,971,971,909,967,940,841,25.42,11.78,1.31,63.2,36.8,86.6,93.6,100,99.6,1.12,1.49,-0.37,13.56,27,4194
261,KARNATAKA,70.08,61.55,78.36,150881,76627,74125,99317,92,19,1805,1805,1754,1794,1784,1627,24.9,12.47,1.45,50.8,49.1,90.1,97.2,100,99.4,1.31,1.58,-0.27,16.81,10,6662
277,KARNATAKA,69.2,61.3,76.92,117074,62158,54916,78988,75,15,1585,1584,1584,1580,1578,1495,18.83,2.12,1.91,53.1,46.9,94.3,99.9,99.9,99.7,1.7,2.11,-0.41,15.62,2,5456
139,GOA,88.85,83.74,93.77,107291,21148,86143,55967,57,33,889,889,887,881,885,874,2.15,6.92,2.67,19.7,80.3,98.3,99.8,100,99.1,2.34,2.97,-0.63,10.03,-4,6529
140,GOA,85.53,79.42,91.56,89018,16730,72288,48424,36,24,573,573,571,570,570,559,1.22,14.47,1.48,18.8,81.2,97.6,99.7,100,99.5,1.2,1.73,-0.53,12.14,0,4853
299,LAKSHADWEEP,92.28,88.25,96.11,7576,7576,0,5142,0,0,41,41,41,41,41,33,0,94.8,3.18,100,0,80.5,100,100,100,2.69,3.66,-0.98,7.86,0,888
287,KERALA,89.85,86.13,93.93,178228,65884,98643,109584,35,16,767,757,706,764,763,756,4.08,3.74,2.69,37,55.3,98.6,92,98.7,99.6,2.35,3.02,-0.67,7.8,1,10690
286,KERALA,95.41,93.57,97.54,310592,52394,241954,191532,42,41,1573,1570,1530,1493,1522,1561,3.3,1.64,1.96,16.9,77.9,99.2,97.3,99.8,94.9,1.68,2.22,-0.54,3.97,-29,19595
296,KERALA,89.32,85.94,92.84,110779,42920,65697,66156,21,12,409,406,320,408,408,355,3.99,18.53,3.38,38.7,59.3,86.8,78.2,99.3,99.8,3.08,3.67,-0.58,6.9,0,5705
290,KERALA,95.24,93.16,97.57,384650,83063,276689,240266,67,46,1611,1607,1561,1583,1464,1529,6.45,0.49,3.8,21.6,71.9,94.9,96.9,99.8,98.3,3.37,4.21,-0.84,4.41,119,23387
291,KERALA,93.55,91.55,95.78,662346,182813,450659,410109,157,55,1848,1842,1770,1843,1822,1823,7.5,0.56,2.27,27.6,68,98.6,95.8,99.7,99.7,2.03,2.51,-0.47,4.23,21,30502
292,KERALA,88.49,84.99,92.27,345619,86395,241681,216562,69,45,1249,1245,1173,1221,1176,1196,14.37,1.74,2.45,25,69.9,95.8,93.9,99.7,97.8,2.28,2.61,-0.33,7.28,45,19424
295,KERALA,95.32,93.85,96.98,350368,43583,296265,219260,96,63,1239,1239,1204,1220,1198,1218,10.39,0.3,3.87,12.4,84.6,98.3,97.2,100,98.5,3.41,4.31,-0.89,3.13,22,22013
284,KERALA,95.68,94.27,97.14,358890,42712,302237,219910,110,57,1364,1364,1345,1348,1341,1343,8.18,0.5,2.55,11.9,84.2,98.5,98.6,100,98.8,2.02,3.06,-1.04,2.87,7,23508
285,KERALA,92.2,89.59,94.84,118308,24547,89906,76259,33,4,690,675,590,688,688,625,13.12,5.03,2.91,20.7,76,90.6,85.5,97.8,99.7,2.51,3.29,-0.77,5.25,0,7736
289,KERALA,96.4,95.67,97.17,207552,20422,177569,127406,51,46,1139,1138,1132,1128,1112,1115,7.8,1.11,3.32,9.8,85.6,97.9,99.4,99.9,99,2.93,3.69,-0.76,1.5,16,15708
283,KERALA,96.26,94.8,97.9,217972,42145,157893,139006,65,43,1000,996,971,985,970,976,9.46,0.31,3.57,19.3,72.4,97.6,97.1,99.6,98.5,3.14,3.98,-0.84,3.1,15,14031
293,KERALA,96.93,96.26,97.7,115179,19590,85882,69965,26,19,904,901,884,899,859,881,13.74,0.68,3.01,17,74.6,97.5,97.8,99.7,99.4,2.32,3.67,-1.35,1.44,40,10065
288,KERALA,93.77,91.95,95.83,296084,74230,194326,183488,96,59,1227,1227,1209,1217,1208,1222,12.46,0.41,2.92,25.1,65.6,99.6,98.5,100,99.2,2.52,3.3,-0.78,3.88,9,18010
294,KERALA,92.66,90.89,94.6,355849,108427,222515,220757,76,52,1438,1437,1410,1420,1408,1392,11.3,0.81,2.68,30.5,62.5,96.8,98.1,99.9,98.7,2.32,3.04,-0.72,3.71,12,23511
552,TAMIL NADU,83.82,78.39,89.18,484702,198252,285370,288322,172,55,2484,2481,2466,2467,2441,2439,22.04,1.27,1.13,40.9,58.9,98.2,99.3,99.9,99.3,0.97,1.29,-0.32,10.79,26,29108
531,TAMIL NADU,90.33,87.16,93.47,529169,157877,370813,324985,209,121,1472,1469,1471,1406,1376,1467,16.78,0.22,1.03,29.8,70.1,99.7,99.9,99.8,95.5,0.86,1.19,-0.33,6.31,30,31452
537,TAMIL NADU,85.29,80.17,90.34,503108,208711,294397,303755,279,136,2495,2486,2477,2471,2457,2463,23.71,1.03,1.05,41.5,58.5,98.7,99.3,99.6,99,0.9,1.19,-0.29,10.17,14,27965
559,TAMIL NADU,79.65,72.43,86.96,476439,237911,238528,311431,291,226,3276,3276,3222,3210,3190,3185,21.85,1.85,1.49,49.9,50.1,97.2,98.4,100,98,1.26,1.7,-0.45,14.53,20,28934
534,TAMIL NADU,64.71,60.03,69.16,205612,134583,71029,122997,140,34,1602,1601,1572,1586,1576,1551,16.29,4.18,1.46,65.5,34.5,96.8,98.1,99.9,99,1.22,1.68,-0.46,9.13,10,13631
558,TAMIL NADU,74.72,65.71,83.73,316662,206808,109854,198709,473,118,2482,2482,2479,2456,2436,2442,22.94,3.69,1.72,65.3,34.7,98.4,99.9,100,99,1.38,2.05,-0.67,18.02,20,18804
560,TAMIL NADU,72.08,63.51,80.58,438249,256552,181490,296843,493,145,2930,2930,2908,2900,2874,2927,29.37,2.16,1.73,58.5,41.4,99.9,99.2,100,99,1.54,1.92,-0.38,17.07,26,24747
547,TAMIL NADU,73.23,65.43,80.7,438393,236690,200631,250648,386,117,2399,2399,2388,2358,2330,2351,16.67,3.43,1.4,54,45.8,98,99.5,100,98.3,1.24,1.55,-0.31,15.27,28,25908
543,TAMIL NADU,74.92,66.68,83.09,195482,106285,88531,109469,120,36,1354,1354,1345,1337,1324,1344,20,3.31,2.46,54.4,45.3,99.3,99.3,100,98.7,2.12,2.78,-0.66,16.41,13,15221
536,TAMIL NADU,72.96,65.07,80.81,319136,176576,141773,140648,211,41,2401,2401,2392,2380,2356,2399,16.41,0.97,1.42,55.3,44.4,99.9,99.6,100,99.1,1.08,1.74,-0.66,15.74,24,22887
550,TAMIL NADU,85.65,79.44,92.15,85580,37471,48109,48278,48,30,720,720,688,715,703,683,32.08,4.46,1.65,43.8,56.2,94.9,95.6,100,99.3,1.49,1.81,-0.32,12.71,12,6421
532,TAMIL NADU,84.31,79.16,89.49,616420,264186,349382,227018,228,95,3113,3113,3078,3081,3053,3090,15.5,0.82,1.18,42.9,56.7,99.3,98.9,100,99,0.99,1.37,-0.39,10.33,28,38264
535,TAMIL NADU,76.85,68.82,84.91,290907,134269,156581,156753,289,101,1929,1926,1901,1893,1890,1876,20.95,0.37,1.86,46.2,53.8,97.3,98.5,99.8,98.1,1.58,2.12,-0.55,16.09,3,16219
539,TAMIL NADU,75.86,67.05,84.86,123641,70896,52570,74447,98,16,1044,1044,1041,1035,1026,1035,20.8,0.05,2.51,57.3,42.5,99.1,99.7,100,99.1,2.02,2.97,-0.94,17.81,9,9026
555,TAMIL NADU,83.56,77.24,90,346510,152988,193391,195714,299,95,2077,2077,2059,2042,2026,2047,17.14,0.67,1.53,44.2,55.8,98.6,99.1,100,98.3,1.27,1.78,-0.51,12.76,16,21540
544,TAMIL NADU,74.68,66.11,83.39,189017,107373,81644,42178,216,57,1296,1296,1289,1290,1276,1270,31.01,0.46,1.98,56.8,43.2,98,99.5,100,99.5,1.75,2.19,-0.44,17.28,14,11358
533,TAMIL NADU,79.04,71.2,86.84,358340,170281,188059,203463,259,68,2158,2158,2148,2136,2115,2120,29.32,0.6,1.31,47.5,52.5,98.2,99.5,100,99,1.09,1.51,-0.42,15.64,21,20107
542,TAMIL NADU,84.09,78,90.38,219304,103985,115319,118429,174,67,1485,1485,1461,1476,1464,1458,31.54,0.23,2.06,47.4,52.6,98.2,98.4,100,99.4,1.72,2.39,-0.67,12.38,12,12278
553,TAMIL NADU,83.26,77.02,89.65,166949,91622,75164,86626,92,55,1260,1259,1247,1248,1242,1255,34.09,0.24,2.15,54.9,45,99.6,99,99.9,99,1.79,2.5,-0.71,12.63,6,9770
549,TAMIL NADU,82.72,76.61,89.06,322499,138031,183929,172117,277,141,2023,2023,2000,2002,1990,1998,18.91,0.15,1.26,42.8,57,98.8,98.9,100,99,1.06,1.45,-0.39,12.45,12,18502
545,TAMIL NADU,77.76,69.51,86.19,218497,140477,77799,129977,215,50,1923,1923,1912,1907,1895,1923,17.6,0.08,1.84,64.3,35.6,100,99.4,100,99.2,1.57,2.11,-0.54,16.68,12,14002
548,TAMIL NADU,80.46,72.33,88.61,171605,73328,94679,98702,109,52,1591,1591,1581,1578,1562,1575,17.01,0.06,2,42.7,55.2,99,99.4,100,99.2,1.85,2.14,-0.29,16.28,16,11405
541,TAMIL NADU,81.66,76.74,86.55,419628,147174,271617,225600,266,107,2124,2124,2092,2085,2071,2088,13.46,0.37,1.46,35.1,64.7,98.3,98.5,100,98.2,1.36,1.56,-0.21,9.81,14,24541
551,TAMIL NADU,77.62,69.72,85.48,171988,56701,114791,86856,135,31,911,911,894,905,898,863,20.72,0.15,1.66,33,66.7,94.7,98.1,100,99.3,1.46,1.85,-0.4,15.76,7,10396
561,TAMIL NADU,80.75,73.14,88.46,265207,97454,167753,143264,352,101,1703,1701,1683,1676,1638,1677,20.59,0.12,1.37,36.7,63.3,98.5,98.8,99.9,98.4,1.12,1.6,-0.48,15.32,38,14465
546,TAMIL NADU,81.48,74.93,87.89,186234,80641,105413,101663,177,55,1514,1512,1483,1500,1498,1464,18.4,0.08,1.48,43.3,56.6,96.7,98,99.9,99.1,1.38,1.59,-0.21,12.96,2,10764
554,TAMIL NADU,86.52,81.77,91.42,241125,52329,188310,131933,217,107,1811,1811,1732,1780,1767,1766,19.88,0.28,2.34,21.7,78.1,97.5,95.6,100,98.3,2.1,2.57,-0.46,9.65,13,13678
556,TAMIL NADU,82.92,76.38,89.66,445259,91340,352728,231229,446,155,2753,2753,2572,2681,2582,2724,18.51,0.33,1.57,20.5,79.2,98.9,93.4,100,97.4,1.37,1.76,-0.4,13.28,99,24374
538,TAMIL NADU,92.14,90.45,93.86,224559,58695,163080,130314,108,46,1212,1212,1202,1205,1188,1192,3.97,0.39,1.43,26.1,72.6,98.3,99.2,100,99.4,1.15,1.71,-0.56,3.41,17,16327
470,PUDUCHERRY,80.26,77.07,83.63,6703,3514,3189,4478,0,0,32,32,32,31,31,32,15.15,0,2.82,52.4,47.6,100,100,100,96.9,2.46,3.16,-0.7,6.56,0,500
468,PUDUCHERRY,98.35,97.61,99.24,7311,2902,4409,3235,6,1,32,32,32,32,32,32,0.34,0,0.74,39.7,60.3,100,100,100,100,0.75,0.72,0.03,1.63,0,497
467,PUDUCHERRY,87.83,82.61,93.36,27270,9559,17711,15859,3,1,164,164,164,162,158,163,17.65,0,0.71,35.1,64.9,99.4,100,100,98.8,0.6,0.81,-0.22,10.75,4,2037
1,ANDAMAN & NICOBAR ISLANDS,77.5,70.7,82.65,4416,4416,0,3095,2,0,57,57,45,57,57,49,0,64.28,1.2,100,0,86,78.9,100,100,0.55,1.84,-1.29,11.95,0,540
562,TELANGANA,61.55,51.99,71.22,393493,243711,144115,228154,453,76,4680,4024,3985,4594,4543,4115,17.82,18.09,0.96,61.9,36.6,87.9,85.1,86,98.2,0.83,1.09,-0.26,19.23,51,20109
581,TELANGANA,62.25,52.33,72.66,343703,173354,165563,202468,361,94,2991,2759,2662,2950,2910,2808,14.54,7.56,1.36,50.4,48.2,93.9,89,92.2,98.6,1.22,1.5,-0.28,20.33,40,17581
570,TELANGANA,64.87,55.18,74.72,416619,187206,227442,238870,518,222,4270,4209,3973,4228,4179,4098,18.8,2.83,1.22,44.9,54.6,96,93,98.6,99,1.07,1.36,-0.29,19.54,49,22328
576,TELANGANA,62.53,52.49,72.5,421826,260361,157165,270385,551,109,3650,3153,3227,3608,3552,3472,17.74,5.57,1.2,61.7,37.3,95.1,88.4,86.4,98.8,1.11,1.28,-0.17,20.01,56,19770
564,TELANGANA,80.96,78.42,83.35,711856,116012,566346,337982,1087,317,3468,3410,3241,3416,3330,3388,6.29,1.24,0.8,16.3,79.6,97.7,93.5,98.3,98.5,0.78,0.82,-0.03,4.93,86,25803
584,TELANGANA,78.05,71.82,84,941676,258114,671143,453728,1463,385,4759,4514,4235,4726,4677,4396,12.31,4.13,0.29,27.4,71.3,92.4,89,94.9,99.3,0.27,0.31,-0.04,12.18,49,31383
574,TELANGANA,56.06,45.65,66.27,584620,374623,204641,397377,1175,181,4904,4499,4247,4859,4762,4533,17.49,8.99,1.22,64.1,35,92.4,86.6,91.7,99.1,1.13,1.31,-0.18,20.62,97,25208
579,TELANGANA,65.05,55.05,74.94,429753,226184,198951,271721,414,104,4237,3958,3619,4220,4136,4073,18.27,11.3,1.8,52.6,46.3,96.1,85.4,93.4,99.6,1.71,1.88,-0.17,19.89,84,23611
571,TELANGANA,65.46,57.85,73.2,318877,185432,131252,202858,215,62,3479,3387,3205,3461,3382,3218,16.55,27.37,2.11,58.2,41.2,92.5,92.1,97.4,99.5,2,2.21,-0.21,15.35,79,18739
